-- --------------------------------------------------------
-- 主机:                           127.0.0.1
-- 服务器版本:                        5.6.24 - MySQL Community Server (GPL)
-- 服务器操作系统:                      Win32
-- HeidiSQL 版本:                  9.3.0.4984
-- --------------------------------------------------------

/*!40101 SET @OLD_CHARACTER_SET_CLIENT=@@CHARACTER_SET_CLIENT */;
/*!40101 SET NAMES utf8mb4 */;
/*!40014 SET @OLD_FOREIGN_KEY_CHECKS=@@FOREIGN_KEY_CHECKS, FOREIGN_KEY_CHECKS=0 */;
/*!40101 SET @OLD_SQL_MODE=@@SQL_MODE, SQL_MODE='NO_AUTO_VALUE_ON_ZERO' */;

-- 导出 tk_huawei 的数据库结构
DROP DATABASE IF EXISTS `tk_huawei`;
CREATE DATABASE IF NOT EXISTS `tk_huawei` /*!40100 DEFAULT CHARACTER SET utf8 COLLATE utf8_unicode_ci */;
USE `tk_huawei`;


-- 导出  表 tk_huawei.t_barcode 结构
DROP TABLE IF EXISTS `t_barcode`;
CREATE TABLE IF NOT EXISTS `t_barcode` (
  `id` bigint(20) NOT NULL AUTO_INCREMENT,
  `barcode` varchar(128) CHARACTER SET utf8 NOT NULL,
  `gd_inst_id` bigint(20) NOT NULL,
  `stock_count` decimal(20,3) NOT NULL DEFAULT '0.000',
  `stock_id` bigint(20) NOT NULL,
  `dt` timestamp NOT NULL DEFAULT CURRENT_TIMESTAMP,
  PRIMARY KEY (`id`)
) ENGINE=InnoDB DEFAULT CHARSET=gbk COMMENT='条码信息表';

-- 正在导出表  tk_huawei.t_barcode 的数据：~0 rows (大约)
DELETE FROM `t_barcode`;
/*!40000 ALTER TABLE `t_barcode` DISABLE KEYS */;
/*!40000 ALTER TABLE `t_barcode` ENABLE KEYS */;


-- 导出  表 tk_huawei.t_bom 结构
DROP TABLE IF EXISTS `t_bom`;
CREATE TABLE IF NOT EXISTS `t_bom` (
  `id` bigint(20) NOT NULL AUTO_INCREMENT,
  `gd_id` bigint(20) NOT NULL DEFAULT '0',
  `mate_id` bigint(20) NOT NULL DEFAULT '0',
  `dt` timestamp NOT NULL DEFAULT CURRENT_TIMESTAMP,
  PRIMARY KEY (`id`)
) ENGINE=InnoDB DEFAULT CHARSET=utf8 COLLATE=utf8_unicode_ci COMMENT='BOM关系';

-- 正在导出表  tk_huawei.t_bom 的数据：~0 rows (大约)
DELETE FROM `t_bom`;
/*!40000 ALTER TABLE `t_bom` DISABLE KEYS */;
/*!40000 ALTER TABLE `t_bom` ENABLE KEYS */;


-- 导出  表 tk_huawei.t_checkin 结构
DROP TABLE IF EXISTS `t_checkin`;
CREATE TABLE IF NOT EXISTS `t_checkin` (
  `id` bigint(20) NOT NULL AUTO_INCREMENT,
  `gd_id` bigint(20) NOT NULL,
  `gd_inst_id` bigint(20) NOT NULL,
  `barcode` varchar(64) NOT NULL,
  `stock_id` bigint(20) NOT NULL,
  `dt` timestamp NOT NULL DEFAULT CURRENT_TIMESTAMP ON UPDATE CURRENT_TIMESTAMP,
  `count` decimal(20,3) NOT NULL,
  `em_id` bigint(20) NOT NULL,
  `receipts` varchar(64) DEFAULT NULL,
  `remark` text,
  `pc_id` bigint(20) NOT NULL DEFAULT '0' COMMENT '采购订单ID',
  `sub_plan_id` bigint(20) NOT NULL DEFAULT '0' COMMENT '生产工单',
  PRIMARY KEY (`id`)
) ENGINE=InnoDB AUTO_INCREMENT=658 DEFAULT CHARSET=utf8 COMMENT='物料入库记录';

-- 正在导出表  tk_huawei.t_checkin 的数据：~35 rows (大约)
DELETE FROM `t_checkin`;
/*!40000 ALTER TABLE `t_checkin` DISABLE KEYS */;
INSERT INTO `t_checkin` (`id`, `gd_id`, `gd_inst_id`, `barcode`, `stock_id`, `dt`, `count`, `em_id`, `receipts`, `remark`, `pc_id`, `sub_plan_id`) VALUES
	(623, 2136, 2424, 'BC-2424-2858', 10, '2020-08-10 01:20:27', 1000.000, 80, 'CG_20200810_0', '', 227, 0),
	(624, 2136, 2424, 'BC-2424-2858', 10, '2020-08-10 01:29:41', 0.050, 80, 'CG_20200810_0', 'dd退库信息：领料ID=360;领料人=;批次=BC-2424-2858;原始领料数量=10.9;此次退库数量=0.05', 227, 0),
	(625, 2164, 2455, 'BC-2455-2862', 10, '2020-08-11 21:11:42', 120000.000, 87, 'CG_20200811_9', '', 228, 0),
	(626, 2136, 2424, 'BC-2424-2858', 10, '2020-08-14 07:30:59', 0.850, 89, 'CG_20200810_0', 'dd退库信息：领料ID=360;领料人=;批次=BC-2424-2858;原始领料数量=10.85;此次退库数量=0.85', 227, 0),
	(627, 2164, 2455, 'BC-2455-2871', 10, '2020-08-18 15:28:35', 7771.000, 79, 'CG_20200812_3', '', 231, 0),
	(628, 2136, 2424, 'BC-2424-2872', 10, '2020-08-18 15:28:46', 9000.000, 79, 'CG_20200812_1', 'ddsdsdsds', 230, 0),
	(629, 2136, 2424, 'BC-2424-2858', 10, '2020-08-18 16:47:37', 0.150, 79, 'CG_20200810_0', '退库信息：领料ID=372;领料人=;批次=BC-2424-2858;原始领料数量=5.9;此次退库数量=0.15', 227, 0),
	(630, 2145, 2513, 'BC-2513-2887', 8, '2020-08-20 11:49:52', 6666.000, 86, 'CG_20200820_0', 'ddddd', 234, 0),
	(631, 2145, 2513, 'BC-2513-2888', 9, '2020-08-20 12:03:00', 888.000, 85, 'CG_20200820_1', '', 235, 0),
	(632, 2145, 2513, 'BC-2513-2889', 8, '2020-08-20 13:07:21', 44444.000, 85, 'CG_20200820_2', '无采购单入库', 236, 0),
	(633, 2135, 2573, 'BC-2573-2890', 10, '2020-08-23 10:04:54', 9000.000, 85, 'CG_20200823_2', '', 243, 0),
	(634, 2135, 2481, 'BC-2481-2892', 10, '2020-08-23 10:05:03', 6000.000, 85, 'CG_20200823_1', '', 242, 0),
	(635, 2133, 2479, 'BC-2479-2893', 10, '2020-08-23 10:05:07', 8000.000, 85, 'CG_20200823_0', '', 241, 0),
	(636, 2133, 2479, 'BC-2479-2894', 10, '2020-08-23 10:05:19', 40000.000, 85, 'CG_20200820_6', '', 240, 0),
	(637, 2194, 2544, 'BC-2544-2895', 10, '2020-08-23 10:05:29', 15000.000, 85, 'CG_20200820_3', '', 237, 0),
	(638, 2145, 2513, 'BC-2513-2896', 8, '2020-08-23 10:05:33', 10000.000, 85, 'CG_20200819_0', '', 233, 0),
	(639, 2151, 2522, 'BC-2522-2897', 8, '2020-08-23 10:05:41', 9000.000, 85, 'CG_20200813_17', '', 232, 0),
	(640, 2135, 2573, 'BC-2573-2898', 8, '2020-08-25 19:08:30', 8000.000, 85, 'CG_20200825_11', '无采购单入库', 248, 0),
	(641, 2135, 2573, 'BC-2573-2899', 10, '2020-08-25 19:12:11', 8888.000, 85, 'CG_20200825_12', '无采购单入库dddd', 249, 0),
	(642, 2135, 2573, 'BC-2573-2900', 10, '2020-08-25 19:32:21', 1000.000, 85, 'CG_20200825_13', '无采购单入库ssss', 250, 0),
	(643, 2135, 2573, 'BC-2573-2901', 8, '2020-08-25 19:34:14', 1888.000, 85, 'CG_20200825_14', '无采购单入库dddddddddddddddddd', 251, 0),
	(644, 2135, 2573, 'BC-2573-2902', 10, '2020-08-25 19:40:23', 12222.000, 85, 'CG_20200825_15', '无采购单入库aaaaaaaa', 252, 0),
	(645, 2177, 2540, 'BC-2540-2903', 9, '2020-08-25 19:53:59', 1000.000, 85, 'CG_20200825_17', 'aaaaaaaaaaaaaaaaaaaaaaaaaaaaaaaaa', 254, 0),
	(646, 2136, 2424, 'BC-2424-2858', 9, '2020-09-03 06:43:05', 10.000, 85, '盘库操作', '库存盘点', 227, 0),
	(647, 2136, 2424, 'BC-2424-2858', 9, '2020-09-24 15:35:30', 1.000, 85, '盘库操作', '库存盘点', 227, 0),
	(648, 2176, 2526, 'BC-2526-2932', 9, '2020-09-24 15:57:58', 10000.000, 85, 'CG_20200903_0', '', 257, 0),
	(649, 2164, 2455, 'BC-2455-2862', 10, '2020-09-24 15:58:37', 1.700, 85, 'CG_20200811_9', '退库信息：领料ID=397;领料人=;批次=BC-2455-2862;原始领料数量=111;此次退库数量=1.7', 228, 0),
	(650, 2169, 2495, 'BC-2495-2933', 3, '2020-10-08 14:41:50', 8888.000, 85, '盘库操作', '库存盘点', 0, 0),
	(651, 2177, 2540, 'BC-2540-2939', 9, '2020-10-24 10:57:01', 11.000, 77, 'CG_20200825_16', '', 253, 0),
	(652, 2135, 2573, 'BC-2573-2940', 10, '2020-10-24 10:57:25', 2500.000, 77, 'CG_20200825_10', '', 247, 0),
	(653, 2164, 2455, 'BC-2455-2945', 10, '2020-11-29 20:14:27', 777.000, 77, 'CG_20200924_9', '', 258, 0),
	(654, 2164, 2455, 'BC-2455-2946', 10, '2020-11-29 20:14:34', 700.000, 77, 'CG_20200924_9', '', 258, 0),
	(655, 2164, 2455, 'BC-2455-2947', 10, '2020-11-29 20:14:41', 630.000, 77, 'CG_20200924_9', '', 258, 0),
	(656, 2164, 2455, 'BC-2455-2948', 10, '2020-11-29 20:14:48', 567.000, 77, 'CG_20200924_9', '', 258, 0),
	(657, 2164, 2455, 'BC-2455-2949', 10, '2020-11-29 20:14:54', 510.000, 77, 'CG_20200924_9', '', 258, 0);
/*!40000 ALTER TABLE `t_checkin` ENABLE KEYS */;


-- 导出  表 tk_huawei.t_checkout 结构
DROP TABLE IF EXISTS `t_checkout`;
CREATE TABLE IF NOT EXISTS `t_checkout` (
  `id` bigint(20) NOT NULL AUTO_INCREMENT,
  `gd_id` bigint(20) NOT NULL,
  `gd_inst_id` bigint(20) NOT NULL,
  `barcode` varchar(64) NOT NULL,
  `stock_id` bigint(20) NOT NULL,
  `dt` timestamp NOT NULL DEFAULT CURRENT_TIMESTAMP ON UPDATE CURRENT_TIMESTAMP,
  `count` decimal(20,3) NOT NULL,
  `em_id` bigint(20) NOT NULL,
  `receipts` varchar(64) DEFAULT NULL,
  `remark` text,
  `sub_so_id` bigint(20) DEFAULT '0' COMMENT '销售子订单',
  `sub_plan_id` bigint(20) DEFAULT '0' COMMENT '生产子订单',
  PRIMARY KEY (`id`)
) ENGINE=InnoDB AUTO_INCREMENT=189 DEFAULT CHARSET=utf8 COMMENT='物料出库记录';

-- 正在导出表  tk_huawei.t_checkout 的数据：~10 rows (大约)
DELETE FROM `t_checkout`;
/*!40000 ALTER TABLE `t_checkout` DISABLE KEYS */;
INSERT INTO `t_checkout` (`id`, `gd_id`, `gd_inst_id`, `barcode`, `stock_id`, `dt`, `count`, `em_id`, `receipts`, `remark`, `sub_so_id`, `sub_plan_id`) VALUES
	(179, 2219, 2426, 'BC-2426-2859', 10, '2020-08-10 01:29:12', 8888.000, 80, 'XS_20200810_2/2', '', 955, 0),
	(180, 2201, 2425, 'BC-2425-2860', 10, '2020-08-10 01:29:16', 9999.000, 80, 'XS_20200810_2/1', '', 954, 0),
	(181, 2204, 2440, 'BC-2440-2869', 10, '2020-08-11 21:16:44', 400.000, 87, 'XS_20200811_5/1', '', 958, 0),
	(182, 2204, 2440, 'BC-2440-2868', 10, '2020-08-11 21:16:53', 601.000, 87, 'XS_20200811_5/1', '', 958, 0),
	(183, 2213, 2449, 'BC-2449-2867', 10, '2020-08-11 21:17:02', 8890.000, 87, 'XS_20200811_5/2', '', 959, 0),
	(184, 2219, 2426, 'BC-2426-2859', 10, '2020-08-14 07:30:38', 1.000, 89, 'XS_20200812_2/3', '', 962, 0),
	(185, 2204, 2440, 'BC-2440-2868', 10, '2020-08-18 15:42:20', 799.000, 79, 'XS_20200812_2/1', '', 960, 0),
	(186, 2204, 2440, 'BC-2440-2882', 10, '2020-08-18 15:42:29', 212.000, 79, 'XS_20200812_2/1', '', 960, 0),
	(187, 2219, 2426, 'BC-2426-2885', 10, '2020-09-04 13:03:16', 1.000, 85, 'XS_20200904_0/4', '', 1021, 0),
	(188, 2209, 2565, 'BC-2565-2931', 10, '2020-09-24 15:35:06', 1.000, 85, 'XS_20200904_0/1', '', 1018, 0);
/*!40000 ALTER TABLE `t_checkout` ENABLE KEYS */;


-- 导出  表 tk_huawei.t_company 结构
DROP TABLE IF EXISTS `t_company`;
CREATE TABLE IF NOT EXISTS `t_company` (
  `id` bigint(20) NOT NULL AUTO_INCREMENT,
  `name` varchar(200) COLLATE utf8_unicode_ci NOT NULL,
  `address` varchar(200) COLLATE utf8_unicode_ci NOT NULL,
  `contact` varchar(30) COLLATE utf8_unicode_ci NOT NULL,
  `phone` varchar(30) COLLATE utf8_unicode_ci NOT NULL,
  PRIMARY KEY (`id`),
  UNIQUE KEY `name` (`name`)
) ENGINE=InnoDB AUTO_INCREMENT=4 DEFAULT CHARSET=utf8 COLLATE=utf8_unicode_ci;

-- 正在导出表  tk_huawei.t_company 的数据：~2 rows (大约)
DELETE FROM `t_company`;
/*!40000 ALTER TABLE `t_company` DISABLE KEYS */;
INSERT INTO `t_company` (`id`, `name`, `address`, `contact`, `phone`) VALUES
	(2, '怡红院', '陕西平川', '习近平', '13388889999'),
	(3, '总部', '北京东路1号', '马飞', '13999998888');
/*!40000 ALTER TABLE `t_company` ENABLE KEYS */;


-- 导出  表 tk_huawei.t_config 结构
DROP TABLE IF EXISTS `t_config`;
CREATE TABLE IF NOT EXISTS `t_config` (
  `k` varchar(50) COLLATE utf8_unicode_ci NOT NULL,
  `v` varchar(200) COLLATE utf8_unicode_ci NOT NULL
) ENGINE=InnoDB DEFAULT CHARSET=utf8 COLLATE=utf8_unicode_ci;

-- 正在导出表  tk_huawei.t_config 的数据：~5 rows (大约)
DELETE FROM `t_config`;
/*!40000 ALTER TABLE `t_config` DISABLE KEYS */;
INSERT INTO `t_config` (`k`, `v`) VALUES
	('company_name', '公司名称'),
	('company_bank', '开户行'),
	('company_account', '银行账户'),
	('company_credit_code', '统一信用代码'),
	('company_address', '注册地址');
/*!40000 ALTER TABLE `t_config` ENABLE KEYS */;


-- 导出  表 tk_huawei.t_cust 结构
DROP TABLE IF EXISTS `t_cust`;
CREATE TABLE IF NOT EXISTS `t_cust` (
  `id` bigint(20) NOT NULL AUTO_INCREMENT,
  `name` varchar(128) NOT NULL COMMENT '客户名称',
  `code` varchar(32) NOT NULL COMMENT '客户代号',
  `dt` timestamp NOT NULL DEFAULT CURRENT_TIMESTAMP COMMENT '登记日期',
  `status` varchar(16) DEFAULT NULL COMMENT '状态',
  `bank` varchar(200) DEFAULT NULL COMMENT '开户行',
  `account` varchar(100) DEFAULT NULL COMMENT '账号',
  `credit_code` varchar(30) DEFAULT NULL COMMENT '征信码',
  `address` varchar(200) DEFAULT NULL COMMENT '注册地址',
  `contact` varchar(30) DEFAULT NULL COMMENT '联系人',
  `phone` varchar(30) DEFAULT NULL COMMENT '联系电话',
  `email` varchar(128) DEFAULT NULL COMMENT '邮箱',
  `remark` text COMMENT '备注',
  PRIMARY KEY (`id`),
  UNIQUE KEY `name` (`name`)
) ENGINE=InnoDB AUTO_INCREMENT=880 DEFAULT CHARSET=utf8;

-- 正在导出表  tk_huawei.t_cust 的数据：~43 rows (大约)
DELETE FROM `t_cust`;
/*!40000 ALTER TABLE `t_cust` DISABLE KEYS */;
INSERT INTO `t_cust` (`id`, `name`, `code`, `dt`, `status`, `bank`, `account`, `credit_code`, `address`, `contact`, `phone`, `email`, `remark`) VALUES
	(833, '工信部幸运国际酒店', '', '2019-12-22 00:00:00', '有效', '江苏紫金农村商业银行股份有限公司铜山支行', '3.20121013101E+21', '91320104768162058R', '南京市秦淮金家圩58-3号', NULL, NULL, NULL, '灭绝师太专用'),
	(835, '国家安监总局北戴河培训中心', '', '2019-12-14 14:16:32', '有效', '江苏紫金农村商业银行股份有限公司铜山支行', '3.20121013101E+21', '91320104768162058R', '南京市秦淮金家圩58-3号', NULL, NULL, NULL, '灭绝师太专用'),
	(836, '国家测绘局休养院', '', '2019-12-18 14:16:32', '有效', '江苏紫金农村商业银行股份有限公司铜山支行', '3.20121013101E+21', '91320104768162058R', '南京市秦淮金家圩58-3号', NULL, NULL, NULL, '灭绝师太专用'),
	(837, '国家工商总局干部培训中心', '', '2019-12-19 00:00:00', '有效', '江苏紫金农村商业银行股份有限公司铜山支行', '3.20121013101E+21', '91320104768162058R', '南京市秦淮金家圩58-3号', NULL, NULL, NULL, '灭绝师太专用'),
	(838, '国家广播电影电视总局疗养院', '', '2019-12-01 00:00:00', '有效', '江苏紫金农村商业银行股份有限公司铜山支行', '3.20121013101E+21', '91320104768162058R', '南京市秦淮金家圩58-3号', NULL, NULL, NULL, '灭绝师太专用'),
	(840, '国家林业局国林宾馆', '', '2019-12-24 14:16:32', '有效', '江苏紫金农村商业银行股份有限公司铜山支行', '301210131021', '91320104768162058R', '南京市秦淮金家圩58-3号', NULL, NULL, NULL, '灭绝师太专用'),
	(841, '国家旅游局金山宾馆', '', '2019-12-03 14:16:32', '有效', '江苏紫金农村商业银行股份有限公司铜山支行', '3.20121013101E+21', '91320104768162058R', '南京市秦淮金家圩58-3号', NULL, NULL, NULL, '灭绝师太专用'),
	(842, '国家民委培训中心', '', '2019-12-21 00:00:00', '有效', '江苏紫金农村商业银行股份有限公司铜山支行', '3.20121013101E+21', '91320104768162058R', '南京市秦淮金家圩58-3号', NULL, NULL, NULL, '灭绝师太专用'),
	(843, '国家统计局北戴河干部培训中心', '', '2019-12-04 00:00:00', '有效', '江苏紫金农村商业银行股份有限公司铜山支行', '3.20121013101E+21', '91320104768162058R', '南京市秦淮金家圩58-3号', NULL, NULL, NULL, '灭绝师太专用'),
	(845, '国土资源部北戴河疗养院', '', '2019-12-09 00:00:00', '有效', '江苏紫金农村商业银行股份有限公司铜山支行', '3.20121013101E+21', '91320104768162058R', '南京市秦淮金家圩58-3号', NULL, NULL, NULL, '灭绝师太专用'),
	(846, '国务院机关事务管理局中海滩宾馆', '', '2019-12-02 00:00:00', '有效', '江苏紫金农村商业银行股份有限公司铜山支行', '3.20121013101E+21', '91320104768162058R', '南京市秦淮金家圩58-3号', NULL, NULL, NULL, '灭绝师太专用'),
	(847, '国务院三峡办北戴河基地', '', '2019-12-26 00:00:00', '有效', '江苏紫金农村商业银行股份有限公司铜山支行', '3.20121013101E+21', '91320104768162058R', '南京市秦淮金家圩58-3号', NULL, NULL, NULL, '灭绝师太专用'),
	(848, '国资委北戴河建材休养院', '', '2019-12-17 00:00:00', '有效', '江苏紫金农村商业银行股份有限公司铜山支行', '3.20121013101E+21', '91320104768162058R', '南京市秦淮金家圩58-3号', NULL, NULL, NULL, '灭绝师太专用'),
	(850, '国资委纺织北戴河培训中心', '', '2019-12-23 00:00:00', '有效', '江苏紫金农村商业银行股份有限公司铜山支行', '3.20121013101E+21', '91320104768162058R', '南京市秦淮金家圩58-3号', NULL, NULL, NULL, '灭绝师太专用'),
	(851, '国资委商业北戴河休养院', '', '2019-12-25 00:00:00', '有效', '江苏紫金农村商业银行股份有限公司铜山支行', '3.20121013101E+21', '91320104768162058R', '南京市秦淮金家圩58-3号', NULL, NULL, NULL, '灭绝师太专用'),
	(852, '交通部北戴河交通疗养院', '', '2019-12-15 00:00:00', '有效', '江苏紫金农村商业银行股份有限公司铜山支行', '3.20121013101E+21', '91320104768162058R', '南京市秦淮金家圩58-3号', NULL, NULL, NULL, '灭绝师太专用'),
	(853, '农业部金海酒店', '', '2019-12-08 00:00:00', '有效', '江苏紫金农村商业银行股份有限公司铜山支行', '3.20121013101E+21', '91320104768162058R', '南京市秦淮金家圩58-3号', NULL, NULL, NULL, '灭绝师太专用'),
	(854, '全国人大干部培训中心北戴河疗养院', '', '2019-11-30 00:00:00', '有效', '江苏紫金农村商业银行股份有限公司铜山支行', '3.20121013101E+21', '91320104768162058R', '南京市秦淮金家圩58-3号', NULL, NULL, NULL, '灭绝师太专用'),
	(855, '全国政协干部培训中心', '', '2019-11-30 00:00:00', '有效', '江苏紫金农村商业银行股份有限公司铜山支行', '3.20121013101E+21', '91320104768162058R', '南京市秦淮金家圩58-3号', NULL, NULL, NULL, '灭绝师太专用'),
	(856, '商务部北戴河干部培训基地', '', '2019-12-13 00:00:00', '有效', '江苏紫金农村商业银行股份有限公司铜山支行', '3.20121013101E+21', '91320104768162058R', '南京市秦淮金家圩58-3号', NULL, NULL, NULL, '灭绝师太专用'),
	(857, '水利部培训中心', '', '2019-12-11 00:00:00', '有效', '江苏紫金农村商业银行股份有限公司铜山支行', '3.20121013101E+21', '91320104768162058R', '南京市秦淮金家圩58-3号', NULL, NULL, NULL, '灭绝师太专用'),
	(858, '水利部新华假日酒店', '', '2019-12-20 00:00:00', '有效', '江苏紫金农村商业银行股份有限公司铜山支行', '3.20121013101E+21', '91320104768162058R', '南京市秦淮金家圩58-3号', NULL, NULL, NULL, '灭绝师太专用'),
	(859, '铁道部北戴河干部休养所', '', '2019-12-10 00:00:00', '有效', '江苏紫金农村商业银行股份有限公司铜山支行', '3.20121013101E+21', '91320104768162058R', '南京市秦淮金家圩58-3号', NULL, NULL, NULL, '灭绝师太专用'),
	(860, '团中央青少年培训基地', '', '2019-12-06 00:00:00', '有效', '江苏紫金农村商业银行股份有限公司铜山支行', '3.20121013101E+21', '91320104768162058R', '南京市秦淮金家圩58-3号', NULL, NULL, NULL, '灭绝师太专用'),
	(861, '新华社北戴河休养所', '', '2019-11-21 00:00:00', '有效', '江苏紫金农村商业银行股份有限公司铜山支行', '3.20121013101E+21', '91320104768162058R', '南京市秦淮金家圩58-3号', NULL, NULL, NULL, '灭绝师太专用'),
	(862, '中国保险公司人保干训中心', '', '2019-12-02 00:00:00', '有效', '江苏紫金农村商业银行股份有限公司铜山支行', '3.20121013101E+21', '91320104768162058R', '南京市秦淮金家圩58-3号', NULL, NULL, NULL, '灭绝师太专用'),
	(863, '中国保险公司寿保干训中心', '', '2019-12-29 00:00:00', '有效', '江苏紫金农村商业银行股份有限公司铜山支行', '3.20121013101E+21', '91320104768162058R', '南京市秦淮金家圩58-3号', NULL, NULL, NULL, '灭绝师太专用'),
	(864, '中国工商银行培训站', '', '2019-12-27 00:00:00', '有效', '江苏紫金农村商业银行股份有限公司铜山支行', '3.20121013101E+21', '91320104768162058R', '南京市秦淮金家圩58-3号', NULL, NULL, NULL, '灭绝师太专用'),
	(865, '中国社会科学院培训中心', '', '2019-12-07 00:00:00', '有效', '江苏紫金农村商业银行股份有限公司铜山支行', '3.20121013101E+21', '91320104768162058R', '南京市秦淮金家圩58-3号', NULL, NULL, NULL, '灭绝师太专用'),
	(866, '中国银行休养所', '', '2019-12-28 00:00:00', '有效', '江苏紫金农村商业银行股份有限公司铜山支行', '3.20121013101E+21', '91320104768162058R', '南京市秦淮金家圩58-3号', NULL, NULL, NULL, '灭绝师太专用'),
	(867, '中国作家协会创作之家', '', '2019-12-05 00:00:00', '有效', '江苏紫金农村商业银行股份有限公司铜山支行', '3.20121013101E+21', '91320104768162058R', '南京市秦淮金家圩58-3号', NULL, NULL, NULL, '灭绝师太专用'),
	(868, '中央纪委监察部北戴河培训中心', '', '2019-12-03 00:00:00', '有效', '江苏紫金农村商业银行股份有限公司铜山支行', '3.20121013101E+21', '91320104768162058R', '南京市秦淮金家圩58-3号', NULL, NULL, NULL, '灭绝师太专用'),
	(869, '北京港华', '', '2020-08-10 00:00:00', '有效', '南京工业银行', '13212313212312', 'ssssffffee234234', '南京市东华路1号', '333', '333', NULL, '测试数据'),
	(870, '南京港华', '', '2020-08-11 00:00:00', '有效', '南京银行', '8977112293568', 'FTP123123123348', '南京市上海路88号', NULL, NULL, NULL, '南京市上海路88号'),
	(871, '中国石化', '', '2020-08-11 00:00:00', '有效', '123123123123', '南京银行', '99988877777', '南京一号', NULL, NULL, NULL, '测试数据'),
	(872, '中国石油', '', '2020-08-11 00:00:00', '有效', 'q3e123222', '33333', '44oiujnlkjk', '比较', NULL, NULL, NULL, '测试数据'),
	(873, '福特', '', '2020-08-11 00:00:00', '有效', '99998888', '7777889', '99992222', 'bej', NULL, NULL, NULL, '南京'),
	(874, '长安', '', '2020-08-11 00:00:00', '有效', '234234', '０９８２０３４８', '０９８０９８', '98098', '444', '444', NULL, '123123'),
	(875, '大众', '', '2020-08-11 14:16:32', '有效', '32123', '55566664444', '123123', '222222222', '555', '55555', NULL, '123123'),
	(876, 'tsl', '', '2020-08-11 00:00:00', '有效', 'o87', '0980', '09808', '98098', '222', '333', NULL, '234'),
	(877, 'sss', '', '2020-08-11 00:00:00', '有效', 'ss', 'ss', 'ss', 'ss', '123', '123', NULL, 'ss'),
	(878, '南京港华１１', '', '2020-09-02 14:16:32', '有效', '南京银行', '2433332222', 'abcd12345900', '南京市北京路88号', NULL, NULL, NULL, '测试数据'),
	(879, '大疆', '', '2020-10-16 14:16:32', '有效', '中国银行', '123123123123', '23123lkjlj234', '南京', NULL, NULL, NULL, '测试');
/*!40000 ALTER TABLE `t_cust` ENABLE KEYS */;


-- 导出  表 tk_huawei.t_cust_addr 结构
DROP TABLE IF EXISTS `t_cust_addr`;
CREATE TABLE IF NOT EXISTS `t_cust_addr` (
  `id` bigint(20) NOT NULL AUTO_INCREMENT,
  `cust_id` bigint(20) NOT NULL,
  `name` varchar(128) NOT NULL,
  `address` varchar(256) NOT NULL,
  `contact` varchar(30) DEFAULT NULL,
  `phone` varchar(20) DEFAULT NULL,
  `email` varchar(128) DEFAULT NULL,
  PRIMARY KEY (`id`)
) ENGINE=InnoDB AUTO_INCREMENT=4 DEFAULT CHARSET=utf8;

-- 正在导出表  tk_huawei.t_cust_addr 的数据：~3 rows (大约)
DELETE FROM `t_cust_addr`;
/*!40000 ALTER TABLE `t_cust_addr` DISABLE KEYS */;
INSERT INTO `t_cust_addr` (`id`, `cust_id`, `name`, `address`, `contact`, `phone`, `email`) VALUES
	(1, 1, '桥北', '大桥北路19号', '张三丰', '13899995555', NULL),
	(2, 2, '河西', '河西中北路38号', '郭靖', '18899993333', NULL),
	(3, 3, '栖霞', '大大大大大大的大大的大大的大大的的', '戴有梅', '18889998888', NULL);
/*!40000 ALTER TABLE `t_cust_addr` ENABLE KEYS */;


-- 导出  表 tk_huawei.t_cust_contact 结构
DROP TABLE IF EXISTS `t_cust_contact`;
CREATE TABLE IF NOT EXISTS `t_cust_contact` (
  `id` bigint(20) NOT NULL AUTO_INCREMENT,
  `cust_id` bigint(20) NOT NULL,
  `em_type` varchar(255) DEFAULT NULL,
  `name` varchar(255) DEFAULT NULL,
  `address` varchar(255) DEFAULT NULL,
  `phone` varchar(255) DEFAULT NULL,
  PRIMARY KEY (`id`)
) ENGINE=InnoDB AUTO_INCREMENT=10 DEFAULT CHARSET=utf8;

-- 正在导出表  tk_huawei.t_cust_contact 的数据：~9 rows (大约)
DELETE FROM `t_cust_contact`;
/*!40000 ALTER TABLE `t_cust_contact` DISABLE KEYS */;
INSERT INTO `t_cust_contact` (`id`, `cust_id`, `em_type`, `name`, `address`, `phone`) VALUES
	(1, 867, '收货人', '木高峰', '北戴河国家高级干部疗养中心', '14417941794'),
	(2, 867, '下单人', '秦桧', '北戴河退休干部疗养中心', '1841941774'),
	(3, 867, '收票人', '潘金莲', '北戴河高级干部天香楼', '17417417974'),
	(4, 843, '收货人', '张无忌', '南京市北京路1号', '18988882234'),
	(5, 870, '收票人', '郭靖', '南京', '18988889999'),
	(6, 870, '收货人', '郭襄', '北京', '13899997777'),
	(7, 866, '收货人', '鳌拜', '东郊皇陵火葬场', '17741774748'),
	(8, 866, '收货人', '西门庆', '飘香苑A座', '17417417748'),
	(9, 834, '收货人', '郭靖', '襄阳城楼A座', '18899992233');
/*!40000 ALTER TABLE `t_cust_contact` ENABLE KEYS */;


-- 导出  表 tk_huawei.t_dual 结构
DROP TABLE IF EXISTS `t_dual`;
CREATE TABLE IF NOT EXISTS `t_dual` (
  `id` int(11) DEFAULT NULL
) ENGINE=InnoDB DEFAULT CHARSET=utf8 COLLATE=utf8_unicode_ci;

-- 正在导出表  tk_huawei.t_dual 的数据：~0 rows (大约)
DELETE FROM `t_dual`;
/*!40000 ALTER TABLE `t_dual` DISABLE KEYS */;
/*!40000 ALTER TABLE `t_dual` ENABLE KEYS */;


-- 导出  表 tk_huawei.t_em 结构
DROP TABLE IF EXISTS `t_em`;
CREATE TABLE IF NOT EXISTS `t_em` (
  `id` bigint(20) NOT NULL AUTO_INCREMENT,
  `code` varchar(64) NOT NULL,
  `name` varchar(64) NOT NULL,
  `duty` varchar(64) NOT NULL,
  `phone` varchar(30) DEFAULT NULL,
  `email` varchar(64) DEFAULT NULL,
  `password` varchar(64) DEFAULT NULL,
  `addr` varchar(256) DEFAULT NULL,
  `status` varchar(32) NOT NULL DEFAULT '有效',
  `remark` text,
  `dt` timestamp NOT NULL DEFAULT CURRENT_TIMESTAMP,
  PRIMARY KEY (`id`),
  UNIQUE KEY `code` (`code`)
) ENGINE=InnoDB AUTO_INCREMENT=2 DEFAULT CHARSET=utf8;

-- 正在导出表  tk_huawei.t_em 的数据：~1 rows (大约)
DELETE FROM `t_em`;
/*!40000 ALTER TABLE `t_em` DISABLE KEYS */;
INSERT INTO `t_em` (`id`, `code`, `name`, `duty`, `phone`, `email`, `password`, `addr`, `status`, `remark`, `dt`) VALUES
	(1, 'gj', '郭靖', '总经理', '1223344444', 'ssss', NULL, NULL, '有效', NULL, '2022-03-28 09:58:37');
/*!40000 ALTER TABLE `t_em` ENABLE KEYS */;


-- 导出  表 tk_huawei.t_em_roler 结构
DROP TABLE IF EXISTS `t_em_roler`;
CREATE TABLE IF NOT EXISTS `t_em_roler` (
  `id` bigint(20) NOT NULL AUTO_INCREMENT,
  `rl_id` bigint(20) NOT NULL,
  `em_id` bigint(20) NOT NULL,
  PRIMARY KEY (`id`)
) ENGINE=InnoDB AUTO_INCREMENT=208 DEFAULT CHARSET=utf8;

-- 正在导出表  tk_huawei.t_em_roler 的数据：~207 rows (大约)
DELETE FROM `t_em_roler`;
/*!40000 ALTER TABLE `t_em_roler` DISABLE KEYS */;
INSERT INTO `t_em_roler` (`id`, `rl_id`, `em_id`) VALUES
	(1, 2, 50),
	(2, 2, 51),
	(3, 2, 53),
	(4, 5, 54),
	(5, 8, 55),
	(6, 8, 57),
	(7, 6, 59),
	(8, 2, 60),
	(9, 6, 62),
	(10, 9, 52),
	(11, 8, 56),
	(12, 8, 58),
	(13, 3, 50),
	(14, 3, 51),
	(15, 4, 51),
	(16, 5, 51),
	(17, 6, 51),
	(18, 8, 51),
	(19, 9, 51),
	(20, 10, 51),
	(21, 11, 51),
	(22, 3, 53),
	(23, 4, 53),
	(24, 5, 53),
	(25, 6, 53),
	(26, 8, 53),
	(27, 9, 53),
	(28, 10, 53),
	(29, 11, 53),
	(30, 4, 50),
	(31, 5, 50),
	(32, 6, 50),
	(33, 8, 50),
	(34, 9, 50),
	(35, 10, 50),
	(36, 11, 50),
	(37, 13, 61),
	(38, 1, 63),
	(39, 1, 64),
	(40, 2824140, 64),
	(41, 2299852, 64),
	(42, 2, 65),
	(43, 5, 66),
	(44, 5, 67),
	(45, 2, 70),
	(46, 2299852, 76),
	(47, 8, 68),
	(48, 2299852, 69),
	(49, 2, 71),
	(50, 2299852, 72),
	(51, 3, 73),
	(52, 2299852, 74),
	(53, 2299852, 75),
	(54, 35657676, 64),
	(55, 3, 65),
	(56, 4, 73),
	(57, 9, 73),
	(58, 6, 70),
	(59, 35657676, 76),
	(60, 4, 65),
	(61, 35657676, 69),
	(62, 3, 71),
	(63, 35657676, 72),
	(64, 4, 71),
	(65, 35657676, 74),
	(66, 35657676, 75),
	(67, 9967564, 64),
	(68, 5, 65),
	(69, 5, 71),
	(70, 6, 71),
	(71, 8, 71),
	(72, 9967564, 76),
	(73, 6, 65),
	(74, 9967564, 69),
	(75, 9, 71),
	(76, 9967564, 72),
	(77, 10, 71),
	(78, 9967564, 74),
	(79, 9967564, 75),
	(80, 36247500, 64),
	(81, 8, 65),
	(82, 11, 71),
	(83, 12, 71),
	(84, 13, 71),
	(85, 36247500, 76),
	(86, 9, 65),
	(87, 36247500, 69),
	(88, 35788748, 64),
	(89, 36247500, 72),
	(90, 35788748, 65),
	(91, 36247500, 74),
	(92, 36247500, 75),
	(93, 35723212, 64),
	(94, 10, 65),
	(95, 35788748, 66),
	(96, 35788748, 67),
	(97, 35788748, 70),
	(98, 35723212, 76),
	(99, 11, 65),
	(100, 35723212, 69),
	(101, 35788748, 76),
	(102, 35723212, 72),
	(103, 35788748, 68),
	(104, 35723212, 74),
	(105, 35723212, 75),
	(106, 12, 65),
	(107, 13, 65),
	(108, 35788748, 69),
	(109, 35788748, 71),
	(110, 35788748, 72),
	(111, 35788748, 73),
	(112, 35788748, 74),
	(113, 35788748, 75),
	(114, 2234316, 64),
	(115, 2234316, 65),
	(116, 2234316, 66),
	(117, 2234316, 67),
	(118, 2234316, 70),
	(119, 2234316, 76),
	(120, 2234316, 68),
	(121, 2234316, 69),
	(122, 2234316, 71),
	(123, 2234316, 72),
	(124, 2234316, 73),
	(125, 2234316, 74),
	(126, 2234316, 75),
	(127, 11999180, 64),
	(128, 11999180, 65),
	(129, 11999180, 66),
	(130, 11999180, 67),
	(131, 11999180, 70),
	(132, 11999180, 76),
	(133, 11999180, 68),
	(134, 11999180, 69),
	(135, 11999180, 71),
	(136, 11999180, 72),
	(137, 11999180, 73),
	(138, 11999180, 74),
	(139, 11999180, 75),
	(140, 35067852, 64),
	(141, 35067852, 65),
	(142, 35067852, 66),
	(143, 35067852, 67),
	(144, 35067852, 70),
	(145, 35067852, 76),
	(146, 35067852, 68),
	(147, 35067852, 69),
	(148, 35067852, 71),
	(149, 35067852, 72),
	(150, 35067852, 73),
	(151, 35067852, 74),
	(152, 35067852, 75),
	(153, 2, 83),
	(154, 6, 83),
	(155, 5, 79),
	(156, 3, 81),
	(157, 15, 83),
	(158, 5, 78),
	(159, 6, 80),
	(160, 0, 77),
	(161, 11, 84),
	(162, 13, 85),
	(163, 2, 86),
	(164, 13, 87),
	(165, 35854284, 88),
	(166, 0, 82),
	(167, 4, 81),
	(168, 8, 81),
	(169, 0, 89),
	(170, 0, 96),
	(171, 13, 78),
	(172, 9, 80),
	(173, 0, 86),
	(174, 0, 84),
	(175, 0, 80),
	(176, 0, 79),
	(177, 0, 87),
	(178, 10426316, 88),
	(179, 13, 81),
	(180, 0, 81),
	(181, 0, 85),
	(182, 0, 78),
	(183, 0, 94),
	(184, 9967564, 88),
	(185, 35395532, 88),
	(186, 36116428, 88),
	(187, 35526604, 88),
	(188, 36247500, 88),
	(189, 35002316, 88),
	(190, 35788748, 88),
	(191, 0, 88),
	(192, 0, 83),
	(193, 3, 77),
	(194, 4, 77),
	(195, 8, 77),
	(196, 10, 77),
	(197, 11, 77),
	(198, 15, 77),
	(199, 9, 82),
	(200, 12, 82),
	(201, 13, 82),
	(202, 15, 82),
	(203, 5, 89),
	(204, 11, 89),
	(205, 12, 89),
	(206, 13, 89),
	(207, 15, 89);
/*!40000 ALTER TABLE `t_em_roler` ENABLE KEYS */;


-- 导出  表 tk_huawei.t_ext 结构
DROP TABLE IF EXISTS `t_ext`;
CREATE TABLE IF NOT EXISTS `t_ext` (
  `id` bigint(20) NOT NULL AUTO_INCREMENT,
  `name` varchar(50) COLLATE utf8_unicode_ci NOT NULL,
  `remark` text COLLATE utf8_unicode_ci NOT NULL,
  `elastic` tinyint(4) NOT NULL DEFAULT '0' COMMENT '是否与参与BOM原料计算',
  `basic_unit` varchar(10) COLLATE utf8_unicode_ci DEFAULT '无' COMMENT '可为空，如是弹性属性，则必须要有基础单位',
  PRIMARY KEY (`id`),
  UNIQUE KEY `prop` (`name`)
) ENGINE=InnoDB AUTO_INCREMENT=4 DEFAULT CHARSET=utf8 COLLATE=utf8_unicode_ci COMMENT='扩展属性';

-- 正在导出表  tk_huawei.t_ext 的数据：~3 rows (大约)
DELETE FROM `t_ext`;
/*!40000 ALTER TABLE `t_ext` DISABLE KEYS */;
INSERT INTO `t_ext` (`id`, `name`, `remark`, `elastic`, `basic_unit`) VALUES
	(1, '被覆层', '被覆层说明信息', 0, ''),
	(2, '扩展属性', '扩展属性说明信息', 0, ''),
	(3, '长度', '长度(单位：米)', 0, '');
/*!40000 ALTER TABLE `t_ext` ENABLE KEYS */;


-- 导出  表 tk_huawei.t_ext_detail 结构
DROP TABLE IF EXISTS `t_ext_detail`;
CREATE TABLE IF NOT EXISTS `t_ext_detail` (
  `id` bigint(20) NOT NULL AUTO_INCREMENT,
  `ext_id` bigint(20) NOT NULL,
  `code` varchar(50) COLLATE utf8_unicode_ci NOT NULL COMMENT '代号',
  `remark` text COLLATE utf8_unicode_ci COMMENT '备注信息',
  PRIMARY KEY (`id`)
) ENGINE=InnoDB AUTO_INCREMENT=2 DEFAULT CHARSET=utf8 COLLATE=utf8_unicode_ci COMMENT='扩展属性详细信息';

-- 正在导出表  tk_huawei.t_ext_detail 的数据：~1 rows (大约)
DELETE FROM `t_ext_detail`;
/*!40000 ALTER TABLE `t_ext_detail` DISABLE KEYS */;
INSERT INTO `t_ext_detail` (`id`, `ext_id`, `code`, `remark`) VALUES
	(1, 1, 'BS', '包塑');
/*!40000 ALTER TABLE `t_ext_detail` ENABLE KEYS */;


-- 导出  表 tk_huawei.t_good 结构
DROP TABLE IF EXISTS `t_good`;
CREATE TABLE IF NOT EXISTS `t_good` (
  `id` bigint(20) NOT NULL AUTO_INCREMENT,
  `name` text NOT NULL,
  `type` varchar(100) NOT NULL COMMENT '物料类型：产品、原料、半成品',
  `category` varchar(100) NOT NULL COMMENT '产品类别',
  `code` varchar(20) NOT NULL COMMENT '代号',
  `gb` varchar(50) NOT NULL COMMENT '规格',
  `alarm` decimal(12,3) NOT NULL DEFAULT '999999.000' COMMENT '库存告警',
  `status` varchar(64) NOT NULL DEFAULT '生产' COMMENT '生产、停产',
  `remark` text,
  `u_code` varchar(20) NOT NULL COMMENT '产品单位',
  `valid_days` int(11) NOT NULL DEFAULT '9999' COMMENT '保质期（天数)',
  `stock_id` bigint(20) NOT NULL COMMENT '默认仓库',
  PRIMARY KEY (`id`)
) ENGINE=InnoDB AUTO_INCREMENT=2242 DEFAULT CHARSET=utf8 COMMENT='物料基础信息表';

-- 正在导出表  tk_huawei.t_good 的数据：~107 rows (大约)
DELETE FROM `t_good`;
/*!40000 ALTER TABLE `t_good` DISABLE KEYS */;
INSERT INTO `t_good` (`id`, `name`, `type`, `category`, `code`, `gb`, `alarm`, `status`, `remark`, `u_code`, `valid_days`, `stock_id`) VALUES
	(2132, '螺帽螺芯垫圈', '原料', '垫片', 'DP', '？', 5000.000, '有效', '', '个', 9999, 0),
	(2133, '日式卡箍', '原料', '卡箍', 'KG', '？', 5000.000, '有效', '', '个', 9999, 0),
	(2134, '德式卡箍', '原料', '卡箍', 'KG', '2020-10-18', 5000.000, '有效', '', '个', 9999, 0),
	(2135, '波纹管卡箍', '原料', '卡箍', 'KG', '？', 100.000, '有效', '', '根', 9999, 0),
	(2136, '钢丝', '原料', '包覆', 'BF', '304', 1.000, '有效', '', '吨', 9999, 0),
	(2137, '喷码机溶剂', '原料', '耗材', 'HC', '黑', 4.000, '有效', '', '瓶', 9999, 0),
	(2138, '高密聚乙烯', '原料', '塑粒', 'SL', '扬子5000S', 1000.000, '有效', '', '公斤', 9999, 0),
	(2139, '弯插接头', '原料', '接头', 'JT', '？', 2000.000, '有效', '', '套', 9999, 0),
	(2140, '警示板膜', '原料', '贴膜', 'TM', '500', 2000.000, '有效', '', '米', 9999, 0),
	(2141, '氯化聚乙烯', '原料', '塑粒', 'SL', 'CPE 135A', 1.000, '有效', '', '吨', 9999, 0),
	(2142, '合格证', '原料', '附件', 'FJ', '？', 2000.000, '有效', '', '个', 9999, 0),
	(2143, '喷码机清洗液', '原料', '耗材', 'HC', '？', 4.000, '有效', '', '瓶', 9999, 0),
	(2144, '螺芯螺帽套件', '原料', '接头套件', 'TJ', '2020-01-02', 5000.000, '有效', '', '套', 9999, 0),
	(2145, '钢丝', '原料', '包覆', 'BF', '铁丝', 1.000, '有效', '', '吨', 9999, 0),
	(2146, '警示板膜', '原料', '贴膜', 'TM', '200', 2000.000, '有效', '', '米', 9999, 0),
	(2147, '大豆油', '原料', '溶剂', 'RJ', '？', 0.500, '有效', '', '吨', 9999, 0),
	(2148, '喷码机溶剂', '原料', '耗材', 'HC', '白', 4.000, '有效', '', '瓶', 9999, 0),
	(2150, '格林头螺芯螺帽套件', '原料', '接头套件', 'TJ', 'Φ9.5', 5000.000, '有效', '', '套', 9999, 0),
	(2151, '纸箱', '原料', '包装', 'BZ', '105x35x28', 100.000, '有效', '', '只', 9999, 0),
	(2152, '抗迁移油墨', '原料', '耗材', 'HC', 'TYA', 2.000, '有效', '', '瓶', 9999, 0),
	(2153, '氯化聚乙烯', '原料', '塑粒', 'SL', 'CPE 135A', 1000.000, '有效', '', '公斤', 9999, 0),
	(2154, '德式卡箍', '原料', '卡箍', 'KG', '13-19', 100.000, '有效', '', '个', 9999, 0),
	(2155, '警示板回料', '原料', '塑粒', 'SL', '？', 1.000, '有效', '', '吨', 9999, 0),
	(2156, '扎带', '原料', '包装', 'BZ', '？', 100.000, '有效', '', '袋', 9999, 0),
	(2157, '钢丝', '原料', '包覆', 'BF', '201', 1000.000, '有效', '', '公斤', 9999, 0),
	(2158, '警示板膜', '原料', '贴膜', 'TM', '300', 2000.000, '有效', '', '米', 9999, 0),
	(2159, '警示板膜-无电话', '原料', '贴膜', 'TM', '300', 2000.000, '有效', '', '米', 9999, 0),
	(2160, '聚氯乙烯树脂', '原料', '塑粒', 'SL', '？', 1.000, '有效', '', '吨', 9999, 0),
	(2161, '高浓度色母粒', '原料', '塑粒', 'SL', '？', 0.500, '有效', '', '吨', 9999, 0),
	(2162, '二丁酯', '原料', '溶剂', 'RJ', '？', 0.500, '有效', '', '吨', 9999, 0),
	(2163, '纸箱', '原料', '包装', 'BZ', '36x36x27.5', 100.000, '有效', '', '只', 9999, 0),
	(2164, 'PE板贴边胶带', '原料', '包覆', 'BF', '黑', 100.000, '有效', '', '卷', 9999, 0),
	(2165, '喷码机白墨水', '原料', '耗材', 'HC', 'TWH-SD', 2.000, '有效', '', '瓶', 9999, 0),
	(2166, '剪刀', '原料', '工具', 'GJ', '？', 5.000, '有效', '', '把', 9999, 0),
	(2167, '弯插接头', '原料', '接头', 'JT', 'C9.5', 2000.000, '有效', '', '套', 9999, 0),
	(2168, '格林头螺芯螺帽套件', '原料', '接头套件', 'TJ', 'C9.5', 5000.000, '有效', '', '套', 9999, 0),
	(2169, '钢丝', '原料', '包覆', 'BF', '304', 1000.000, '有效', '', '公斤', 9999, 0),
	(2170, '镀锌钢带', '原料', '基材', 'JC', '200', 1000.000, '有效', '', '公斤', 9999, 0),
	(2171, '阻燃剂', '原料', '溶剂', 'RJ', '？', 500.000, '有效', '', '公斤', 9999, 0),
	(2172, '二丁酯', '原料', '溶剂', 'RJ', '？', 500.000, '有效', '', '公斤', 9999, 0),
	(2173, '德式卡箍', '原料', '卡箍', 'KG', '2020-10-16', 5000.000, '有效', '', '个', 9999, 0),
	(2174, '阻燃剂', '原料', '溶剂', 'RJ', '？', 0.500, '有效', '', '吨', 9999, 0),
	(2175, '纸箱', '原料', '包装', 'BZ', '53x18x54', 100.000, '有效', '', '只', 9999, 0),
	(2176, '塑料盖头', '原料', '包装', 'BZ', '？', 10000.000, '有效', '', '只', 9999, 0),
	(2177, '包装袋', '原料', '包装', 'BZ', '？', 2000.000, '有效', '', '只', 9999, 0),
	(2178, '喷码机黑墨水', '原料', '耗材', 'HC', 'TWH-SD', 2.000, '有效', '', '瓶', 9999, 0),
	(2179, '镀锌钢带', '原料', '基材', 'JC', '300', 1000.000, '有效', '', '公斤', 9999, 0),
	(2180, '镀锌钢带', '原料', '基材', 'JC', '500', 1000.000, '有效', '', '公斤', 9999, 0),
	(2181, '警示板材料', '原料', '塑粒', 'SL', '中密', 1000.000, '有效', '', '公斤', 9999, 0),
	(2182, '低密聚乙烯', '原料', '塑粒', 'SL', '扬子7042', 1000.000, '有效', '', '公斤', 9999, 0),
	(2183, '高浓度色母粒', '原料', '塑粒', 'SL', '？', 500.000, '有效', '', '公斤', 9999, 0),
	(2184, '二辛酯', '原料', '溶剂', 'RJ', '？', 500.000, '有效', '', '公斤', 9999, 0),
	(2185, '大豆油', '原料', '溶剂', 'RJ', '？', 500.000, '有效', '', '公斤', 9999, 0),
	(2186, '硅烷', '原料', '溶剂', 'RJ', '？', 500.000, '有效', '', '公斤', 9999, 0),
	(2187, '格林头橡胶垫', '原料', '垫片', 'DP', '？', 5000.000, '有效', '', '个', 9999, 0),
	(2188, '钢丝', '原料', '包覆', 'BF', '201', 1.000, '有效', '', '吨', 9999, 0),
	(2189, '高密聚乙烯', '原料', '塑粒', 'SL', '5000S', 1.000, '有效', '', '吨', 9999, 0),
	(2190, '低密聚乙烯', '原料', '塑粒', 'SL', '7042', 1.000, '有效', '', '吨', 9999, 0),
	(2191, '高密聚乙烯', '原料', '塑粒', 'SL', '中沙', 1.000, '有效', '', '吨', 9999, 0),
	(2192, '二辛酯', '原料', '溶剂', 'RJ', '？', 0.500, '有效', '', '吨', 9999, 0),
	(2193, '纸箱', '原料', '包装', 'BZ', '66x33x38', 100.000, '有效', '', '只', 9999, 0),
	(2194, '包装膜', '原料', '包装', 'BZ', '？', 2000.000, '有效', '', '米', 9999, 0),
	(2195, '胶带', '原料', '包装', 'BZ', '？', 2000.000, '有效', '', '卷', 9999, 0),
	(2196, '螺芯螺帽橡胶垫', '原料', '垫片', 'DP', '2020-01-02', 5000.000, '有效', '', '个', 9999, 0),
	(2197, '钢丝', '原料', '包覆', 'BF', '铁丝', 1000.000, '有效', '', '公斤', 9999, 0),
	(2198, '高密聚乙烯', '原料', '塑粒', 'SL', '中沙', 1000.000, '有效', '', '公斤', 9999, 0),
	(2200, '阻氧PE-Xb', '产品', '太阳能管', 'PE', 'Φ1620', 2000.000, '有效', '', '根', 9999, 0),
	(2201, '钢丝管(盘管)', '产品', '钢丝管', 'GSG', 'Φ9.5', 2000.000, '有效', '', '根', 9999, 0),
	(2202, 'PEX管', '产品', '太阳能管', 'PEX', 'Φ1418', 2000.000, '有效', '', '根', 9999, 0),
	(2203, 'PEX管', '产品', '太阳能管', 'PEX', 'Φ2025', 2000.000, '有效', '', '根', 9999, 0),
	(2204, 'PEX护套', '产品', '太阳能管', 'PEX', 'Φ1216', 20009.000, '有效', '演示数据', '30M/JUAN', 9999, 0),
	(2205, 'PE警示板', '产品', 'PE板', 'PEB', '200*3', 2000.000, '有效', '', '块', 9999, 0),
	(2206, '钢丝管(双卡)', '产品', '钢丝管', 'GSG', 'Φ9.5', 2000.000, '有效', '', '根', 9999, 0),
	(2207, 'PEX双色管', '产品', '太阳能管', 'PEX', 'Φ1216', 2000.000, '有效', '', '根', 9999, 0),
	(2209, '钢丝管(双螺)', '产品', '钢丝管', 'GSG', 'Φ9.5', 2000.000, '有效', '', '根', 9999, 0),
	(2210, 'PEX发泡', '产品', '太阳能管', 'PEX', 'Φ1216', 2000.000, '有效', '', '袋', 9999, 0),
	(2211, '家用燃气管', '产品', '燃气管', 'RQG', 'Φ9', 2000.000, '有效', '', '根', 9999, 0),
	(2212, '波纹燃气管(双插)', '产品', '燃气管', 'RQG', 'Φ9.5', 2000.000, '有效', '', '根', 9999, 0),
	(2213, '波纹燃气管(螺插)', '产品', '燃气管', 'RQG', 'Φ9.5', 2000.000, '有效', '', '根', 9999, 0),
	(2214, '钢丝管(双插)', '产品', '钢丝管', 'GSG', 'Φ9.5', 2000.000, '有效', '', '根', 9999, 0),
	(2215, 'PE警示板', '产品', 'PE板', 'PEB', '300*3', 2000.000, '有效', '', '米', 9999, 0),
	(2216, 'PEX管', '产品', '太阳能管', 'PEX', 'Φ1620', 2000.000, '有效', '', '根', 9999, 0),
	(2217, 'PE护套', '产品', '太阳能管', 'PE', 'Φ1216', 2000.000, '有效', '', '把', 9999, 0),
	(2218, 'PE发泡', '产品', '太阳能管', 'PE', 'Φ1216', 2000.000, '有效', '', '米', 9999, 0),
	(2219, 'PE-RT', '产品', '太阳能管', 'PE', 'Φ1216', 2000.000, '有效', '', '个', 9999, 0),
	(2220, 'PE-RT', '产品', '太阳能管', 'PE', 'Φ1620', 2000.000, '有效', '', '根', 9999, 0),
	(2221, '家用燃气管', '产品', '燃气管', 'RQG', 'Φ13', 2000.000, '有效', '', '根', 9999, 0),
	(2222, '钢丝管(螺卡)', '产品', '钢丝管', 'GSG', 'Φ9.5', 2000.000, '有效', '', '根', 9999, 0),
	(2223, '钢丝管(螺插)', '产品', '钢丝管', 'GSG', 'Φ9.5', 2000.000, '有效', '', '根', 9999, 0),
	(2224, 'PE警示板', '产品', 'PE板', 'PEB', '500*3', 2000.000, '有效', '', '套', 9999, 0),
	(2225, 'PEX管', '产品', '太阳能管', 'PEX', 'Φ1216', 2000.000, '有效', '', '根', 9999, 0),
	(2226, 'PE管', '产品', '太阳能管', 'PE', 'Φ1216', 2000.000, '有效', '', '根', 9999, 0),
	(2227, '进口卡箍', '原料', '卡箍', 'KG', '0.8/1G', 80000.000, '有效', '测试数据', '个', 9999, 0),
	(2228, 'xxxxname', '原料', '原料小类', 'XXXXCODE', 'XXXXXGB', 99999.000, '有效', '测死输局', 'B类卷', 9999, 0),
	(2229, '测试产品1', '产品', '钢丝管', 'CESHI-1', 'CESHI-09-1', 1000.000, '有效', '测试数据', 'A类卷', 9999, 0),
	(2230, '测试管1', '产品', '燃气管', 'CS', 'Φ10', 2000.000, '有效', '', '根', 9999, 0),
	(2231, '测试管2', '产品', '燃气管', 'CS', 'Φ11', 2000.000, '有效', '', '根', 9999, 0),
	(2232, '测试管3', '产品', '燃气管', 'CS', 'Φ12', 2000.000, '有效', '', '根', 9999, 0),
	(2233, '测试管4', '产品', '燃气管', 'CS', 'Φ13', 2000.000, '有效', '', '根', 9999, 0),
	(2234, '测试管5', '产品', '燃气管', 'CS', 'Φ14', 2000.000, '有效', '', '根', 9999, 0),
	(2235, '测试管6', '产品', '燃气管', 'CS', 'Φ15', 2000.000, '有效', '', '根', 9999, 0),
	(2236, '测试管7', '产品', '燃气管', 'CS', 'Φ16', 2000.000, '有效', '', '根', 9999, 0),
	(2237, 'ggggg', '产品', '钢丝管', 'GGGG', 'GGGG', 40000.000, '有效', 'ddd', '80M卷', 9999, 0),
	(2238, '80M', '产品', '燃气管', '80M', '80M', 8888.000, '有效', 'ddddd', '80M卷', 9999, 0),
	(2239, 'mmm', '原料', '附件', 'mm', '99', 10000.000, '有效', 'dddd', '个', 9999, 0),
	(2240, 'pppp', '产品', '钢丝管', 'ppp', '44', 10000.000, '有效', 'sss', '个', 9999, 0),
	(2241, 'kk', '产品', '钢丝管', 'pp', 'gg', 10000.000, '有效', 'dddd', '根', 9999, 0);
/*!40000 ALTER TABLE `t_good` ENABLE KEYS */;


-- 导出  表 tk_huawei.t_logs 结构
DROP TABLE IF EXISTS `t_logs`;
CREATE TABLE IF NOT EXISTS `t_logs` (
  `id` bigint(20) NOT NULL AUTO_INCREMENT,
  `em_id` bigint(20) NOT NULL,
  `dt` datetime NOT NULL DEFAULT CURRENT_TIMESTAMP,
  `op_content` text NOT NULL,
  PRIMARY KEY (`id`)
) ENGINE=InnoDB AUTO_INCREMENT=2519 DEFAULT CHARSET=utf8;

-- 正在导出表  tk_huawei.t_logs 的数据：~854 rows (大约)
DELETE FROM `t_logs`;
/*!40000 ALTER TABLE `t_logs` DISABLE KEYS */;
INSERT INTO `t_logs` (`id`, `em_id`, `dt`, `op_content`) VALUES
	(1665, 77, '2020-08-09 20:21:05', '登录系统'),
	(1666, 77, '2020-08-09 20:21:32', '修改人员信息'),
	(1667, 77, '2020-08-10 01:20:12', '提交采购订单CG_20200810_0'),
	(1668, 77, '2020-07-10 01:20:16', 'CG_20200810_0 approval success, the result is 待收货'),
	(1669, 77, '2020-08-10 01:20:27', '原料入库成功，原料实例ID=2424, 批次=BC-2424-2858,入库数量=1000'),
	(1670, 77, '2020-08-10 01:23:16', '登录系统'),
	(1671, 77, '2020-08-10 01:24:54', '登录系统'),
	(1672, 77, '2020-08-10 01:25:21', '审核订单XS_20200810_2通过，该订单汇总销售总价大于该订单销售总价'),
	(1673, 77, '2020-08-10 01:25:21', '变更销售订单XS_20200810_2总金额为88888'),
	(1674, 77, '2020-08-10 01:25:21', '审核订单XS_20200810_2通过,该订单目前状态为待发货'),
	(1675, 77, '2020-08-10 01:26:19', '审核订单SC_20200810_3结果为审核通过'),
	(1676, 77, '2020-08-10 01:28:17', '生产领料成功，原料实例ID=2424, 批次=BC-2424-2858,领料数量=,11,工订单ID=82, 工单名称=SC_20200810_3'),
	(1677, 77, '2020-08-10 01:28:27', '生产领料成功，原料实例ID=2424, 批次=BC-2424-2858,领料数量=,22,工订单ID=83, 工单名称=SC_20200810_3'),
	(1678, 77, '2020-08-10 01:28:37', '生产领料成功，原料实例ID=2424, 批次=BC-2424-2858,领料数量=,1,工订单ID=82, 工单名称=SC_20200810_3'),
	(1679, 77, '2020-08-10 01:28:50', '生产入库成功，产品实例ID=2426, 批次=BC-2426-2859,入库数量=,8888,工单ID=83'),
	(1680, 77, '2020-08-10 01:29:04', '生产入库成功，产品实例ID=2425, 批次=BC-2425-2860,入库数量=,9999,工单ID=82'),
	(1681, 77, '2020-08-10 01:29:12', '销售出库成功,物料实例ID=2426, 批次=BC-2426-2859,发货数量=,8888,子订单ID=955'),
	(1682, 77, '2020-08-10 01:29:16', '销售出库成功,物料实例ID=2425, 批次=BC-2425-2860,发货数量=,9999,子订单ID=954'),
	(1683, 77, '2020-08-10 01:29:41', '退料成功,物料实例ID=2424, 退料详情=dd退库信息：领料ID=360;领料人=;批次=BC-2424-2858;原始领料数量=10.9;此次退库数量=0.05'),
	(1684, 77, '2020-08-10 01:31:40', '登录系统'),
	(1685, 77, '2020-08-10 01:33:33', '销售订单XS_20200810_2/2退货，批次为BC-2426-2859,退货数量为1'),
	(1686, 77, '2020-08-10 01:34:14', '采购退货，订单CG_20200810_0,批次为BC-2424-2858,退货数量为11'),
	(1687, 77, '2020-08-10 10:55:24', '登录系统'),
	(1688, 77, '2020-08-10 10:56:08', '支付戴有梅的工资共计***元。'),
	(1689, 77, '2020-08-10 10:56:08', '支付韩明芳的工资共计***元。'),
	(1690, 77, '2020-08-10 10:56:08', '支付薛怀庆的工资共计***元。'),
	(1691, 77, '2020-08-10 10:56:08', '支付沙天虹的工资共计***元。'),
	(1692, 77, '2020-08-10 10:56:08', '支付缪艳的工资共计***元。'),
	(1693, 77, '2020-08-10 10:56:08', '支付沈家乐的工资共计***元。'),
	(1694, 77, '2020-08-10 10:56:08', '支付朱忠友的工资共计***元。'),
	(1695, 77, '2020-08-10 10:56:08', '支付黄明祥的工资共计***元。'),
	(1696, 77, '2020-08-10 10:56:08', '支付李立兰的工资共计***元。'),
	(1697, 77, '2020-08-10 10:56:08', '支付薛翠香的工资共计***元。'),
	(1698, 77, '2020-08-10 10:56:08', '支付王桂花的工资共计***元。'),
	(1699, 77, '2020-08-10 10:56:08', '支付王有花的工资共计***元。'),
	(1700, 77, '2020-08-10 10:56:21', '支付朱忠友的出差补贴共计***元。'),
	(1701, 77, '2020-08-10 10:58:14', '登录系统'),
	(1702, 77, '2020-08-10 10:58:45', '支付沈家乐的公司福利（过节费等)共计***元。'),
	(1703, 77, '2020-08-10 10:59:11', '支付薛翠香的出差补贴共计***元。'),
	(1704, 77, '2020-08-10 10:59:55', '销售订单XS_20200810_2/2退货，批次为BC-2426-2859,退货数量为12'),
	(1705, 77, '2020-08-10 11:03:24', '登录系统'),
	(1706, 77, '2020-08-10 11:29:06', '登录系统'),
	(1707, 77, '2020-08-10 11:29:17', '销售订单XS_20200810_2/2退货，批次为BC-2426-2859,退货数量为2'),
	(1708, 77, '2020-08-10 12:44:16', '登录系统'),
	(1709, 77, '2020-08-10 12:45:08', '登录系统'),
	(1710, 77, '2020-08-10 13:28:52', '登录系统'),
	(1711, 77, '2020-08-10 14:48:42', '登录系统'),
	(1712, 77, '2020-08-10 14:49:01', '登录系统'),
	(1713, 77, '2020-08-10 14:49:59', '登录系统'),
	(1714, 77, '2020-08-10 14:50:29', '登录系统'),
	(1715, 77, '2020-08-10 14:51:11', '登录系统'),
	(1716, 77, '2020-08-10 14:52:01', '登录系统'),
	(1717, 77, '2020-08-10 14:55:19', '登录系统'),
	(1718, 77, '2020-08-10 14:56:40', '登录系统'),
	(1719, 77, '2020-08-10 14:57:06', '登录系统'),
	(1720, 77, '2020-08-10 14:57:51', '登录系统'),
	(1721, 77, '2020-08-10 14:58:37', '登录系统'),
	(1722, 77, '2020-08-10 14:59:28', '登录系统'),
	(1723, 77, '2020-08-10 15:00:36', '登录系统'),
	(1724, 77, '2020-08-10 15:01:56', '登录系统'),
	(1725, 77, '2020-08-10 15:02:54', '登录系统'),
	(1726, 77, '2020-08-10 15:04:06', '登录系统'),
	(1727, 77, '2020-08-10 15:05:03', '修改人员信息'),
	(1728, 77, '2020-08-10 15:05:14', '登录系统'),
	(1729, 79, '2020-08-10 15:05:36', '登录系统'),
	(1730, 81, '2020-08-10 15:05:54', '登录系统'),
	(1731, 77, '2020-08-10 15:11:52', '登录系统'),
	(1732, 77, '2020-08-10 15:12:17', '修改tttt的权限为'),
	(1733, 77, '2020-08-10 15:12:26', '登录系统'),
	(1734, 81, '2020-08-10 15:12:39', '登录系统'),
	(1735, 77, '2020-08-10 15:26:44', '登录系统'),
	(1736, 77, '2020-08-10 15:28:57', '登录系统'),
	(1737, 77, '2020-08-10 16:38:27', '登录系统'),
	(1738, 81, '2020-08-10 16:38:52', '登录系统'),
	(1739, 81, '2020-08-10 16:40:03', '修改客户信息'),
	(1740, 77, '2020-08-10 19:45:52', '登录系统'),
	(1741, 77, '2020-08-10 19:46:49', '登录系统'),
	(1742, 77, '2020-08-10 19:47:43', '登录系统'),
	(1743, 77, '2020-08-10 19:49:29', '登录系统'),
	(1744, 77, '2020-08-10 20:30:26', '登录系统'),
	(1745, 77, '2020-08-10 20:37:11', '登录系统'),
	(1746, 77, '2020-08-10 21:17:59', '登录系统'),
	(1747, 77, '2020-08-10 21:20:44', '登录系统'),
	(1748, 77, '2020-08-10 21:22:49', '登录系统'),
	(1749, 77, '2020-08-10 21:39:46', '登录系统'),
	(1750, 77, '2020-08-10 21:41:17', '登录系统'),
	(1751, 77, '2020-08-10 21:43:31', '登录系统'),
	(1752, 77, '2020-08-10 21:50:52', '登录系统'),
	(1753, 77, '2020-08-10 21:52:10', '登录系统'),
	(1754, 77, '2020-08-10 21:53:41', '登录系统'),
	(1755, 77, '2020-08-10 21:54:58', '登录系统'),
	(1756, 77, '2020-08-10 21:58:15', '登录系统'),
	(1757, 77, '2020-08-10 22:20:59', '登录系统'),
	(1758, 77, '2020-08-10 22:22:00', '登录系统'),
	(1759, 77, '2020-08-10 23:47:53', '登录系统'),
	(1760, 77, '2020-08-10 23:48:44', '登录系统'),
	(1761, 77, '2020-08-10 23:49:37', '退出系统'),
	(1762, 77, '2020-08-10 23:49:53', '登录系统'),
	(1763, 77, '2020-08-10 23:50:55', '登录系统'),
	(1764, 77, '2020-08-10 23:52:06', '登录系统'),
	(1765, 77, '2020-08-10 23:53:21', '退出系统'),
	(1766, 77, '2020-08-10 23:54:11', '登录系统'),
	(1767, 77, '2020-08-10 23:55:41', '登录系统'),
	(1768, 77, '2020-08-10 23:56:57', '退出系统'),
	(1769, 77, '2020-08-10 23:57:27', '登录系统'),
	(1770, 77, '2020-08-10 23:58:43', '退出系统'),
	(1771, 77, '2020-08-10 23:58:57', '登录系统'),
	(1772, 77, '2020-08-10 23:59:30', '登录系统'),
	(1773, 77, '2020-08-11 08:43:39', '登录系统'),
	(1774, 77, '2020-08-11 09:36:54', '登录系统'),
	(1775, 77, '2020-08-11 09:38:33', '修改产品单位信息'),
	(1776, 77, '2020-08-11 09:40:26', '登录系统'),
	(1777, 77, '2020-08-11 09:40:51', '修改产品单位信息'),
	(1778, 77, '2020-08-11 10:28:07', '登录系统'),
	(1779, 77, '2020-08-11 10:29:56', '登录系统'),
	(1780, 77, '2020-08-11 10:30:23', '登录系统'),
	(1781, 77, '2020-08-11 10:31:45', '登录系统'),
	(1782, 77, '2020-08-11 10:32:09', '登录系统'),
	(1783, 77, '2020-08-11 10:32:58', '登录系统'),
	(1784, 77, '2020-08-11 10:34:02', '登录系统'),
	(1785, 77, '2020-08-11 11:09:16', '登录系统'),
	(1786, 77, '2020-08-11 17:34:59', '登录系统'),
	(1787, 77, '2020-08-11 17:36:34', '登录系统'),
	(1788, 77, '2020-08-11 17:39:46', '登录系统'),
	(1789, 77, '2020-08-11 17:40:04', '修改产品单位信息'),
	(1790, 77, '2020-08-11 17:40:12', '修改产品单位信息'),
	(1791, 77, '2020-08-11 17:41:25', '登录系统'),
	(1792, 77, '2020-08-11 17:41:45', '修改产品单位信息'),
	(1793, 77, '2020-08-11 17:41:57', '修改产品单位信息'),
	(1794, 77, '2020-08-11 17:42:05', '修改产品单位信息'),
	(1795, 77, '2020-08-11 17:42:32', '登录系统'),
	(1796, 77, '2020-08-11 17:42:54', '修改人员信息'),
	(1797, 77, '2020-08-11 17:43:00', '修改人员信息'),
	(1798, 77, '2020-08-11 17:43:04', '修改人员信息'),
	(1799, 77, '2020-08-11 17:43:28', '修改tttt的权限为'),
	(1800, 77, '2020-08-11 17:54:32', '登录系统'),
	(1801, 87, '2020-08-11 17:54:56', '登录系统'),
	(1802, 87, '2020-08-11 17:56:17', '修改客户信息'),
	(1803, 87, '2020-08-11 17:57:37', '修改工艺基本信息'),
	(1804, 87, '2020-08-11 17:57:44', '修改产品信息'),
	(1805, 77, '2020-08-11 17:58:42', '登录系统'),
	(1806, 87, '2020-08-11 17:59:50', '登录系统'),
	(1807, 87, '2020-08-11 19:39:58', '登录系统'),
	(1808, 87, '2020-08-11 19:46:29', '登录系统'),
	(1809, 87, '2020-08-11 19:48:05', '登录系统'),
	(1810, 87, '2020-08-11 19:50:27', '审核订单XS_20200811_5通过，该订单汇总销售总价大于该订单销售总价'),
	(1811, 87, '2020-08-11 19:50:27', '变更销售订单XS_20200811_5总金额为1772100'),
	(1812, 87, '2020-08-11 19:50:27', '审核订单XS_20200811_5通过,该订单目前状态为待发货'),
	(1813, 87, '2020-08-11 19:52:53', '登录系统'),
	(1814, 87, '2020-08-11 21:07:54', '审核订单SC_20200811_8结果为审核通过'),
	(1815, 87, '2020-08-11 21:07:56', '审核订单SC_20200811_7结果为审核通过'),
	(1816, 87, '2020-08-11 21:10:51', '登录系统'),
	(1817, 87, '2020-08-11 21:11:15', '提交采购订单CG_20200811_9'),
	(1818, 87, '2020-08-11 21:11:18', 'CG_20200811_9 approval success, the result is 待收货'),
	(1819, 87, '2020-08-11 21:11:25', '采购支付,订单为CG_20200811_9支付金额为9899901'),
	(1820, 87, '2020-08-11 21:11:42', '原料入库成功，原料实例ID=2455, 批次=BC-2455-2862,入库数量=120000'),
	(1821, 87, '2020-08-11 21:11:59', '生产领料成功，原料实例ID=2424, 批次=BC-2424-2858,领料数量=,12,工订单ID=87, 工单名称=SC_20200811_8'),
	(1822, 87, '2020-08-11 21:12:07', '生产领料成功，原料实例ID=2424, 批次=BC-2424-2858,领料数量=,11,工订单ID=88, 工单名称=SC_20200811_8'),
	(1823, 87, '2020-08-11 21:12:14', '生产领料成功，原料实例ID=2424, 批次=BC-2424-2858,领料数量=,11,工订单ID=85, 工单名称=SC_20200811_7'),
	(1824, 87, '2020-08-11 21:12:22', '生产领料成功，原料实例ID=2455, 批次=BC-2455-2862,领料数量=,112,工订单ID=86, 工单名称=SC_20200811_7'),
	(1825, 87, '2020-08-11 21:12:58', '登录系统'),
	(1826, 87, '2020-08-11 21:13:24', '生产领料成功，原料实例ID=2455, 批次=BC-2455-2862,领料数量=,8.8,工订单ID=87, 工单名称=SC_20200811_8'),
	(1827, 87, '2020-08-11 21:14:44', '登录系统'),
	(1828, 87, '2020-08-11 21:14:58', '生产领料成功，原料实例ID=2455, 批次=BC-2455-2862,领料数量=,2.2,工订单ID=88, 工单名称=SC_20200811_8'),
	(1829, 87, '2020-08-11 21:15:14', '生产领料成功，原料实例ID=2455, 批次=BC-2455-2862,领料数量=,1.4,工订单ID=85, 工单名称=SC_20200811_7'),
	(1830, 87, '2020-08-11 21:15:21', '生产领料成功，原料实例ID=2424, 批次=BC-2424-2858,领料数量=,5.9,工订单ID=86, 工单名称=SC_20200811_7'),
	(1831, 87, '2020-08-11 21:15:50', '生产入库成功，产品实例ID=2454, 批次=BC-2454-2863,入库数量=,88867,工单ID=88'),
	(1832, 87, '2020-08-11 21:16:01', '生产入库成功，产品实例ID=2442, 批次=BC-2442-2865,入库数量=,8000,工单ID=87'),
	(1833, 87, '2020-08-11 21:16:12', '生产入库成功，产品实例ID=2449, 批次=BC-2449-2867,入库数量=,9000,工单ID=86'),
	(1834, 87, '2020-08-11 21:16:26', '生产入库成功，产品实例ID=2440, 批次=BC-2440-2868,入库数量=,1000,工单ID=85'),
	(1835, 87, '2020-08-11 21:16:44', '销售出库成功,物料实例ID=2440, 批次=BC-2440-2869,发货数量=,400,子订单ID=958'),
	(1836, 87, '2020-08-11 21:16:53', '销售出库成功,物料实例ID=2440, 批次=BC-2440-2868,发货数量=,601,子订单ID=958'),
	(1837, 87, '2020-08-11 21:17:02', '销售出库成功,物料实例ID=2449, 批次=BC-2449-2867,发货数量=,8890,子订单ID=959'),
	(1838, 87, '2020-08-11 21:18:30', '审核订单SC_20200811_15结果为审核通过'),
	(1839, 87, '2020-08-11 21:18:32', '审核订单SC_20200811_14结果为审核通过'),
	(1840, 87, '2020-08-11 21:18:34', '审核订单SC_20200811_13结果为审核通过'),
	(1841, 87, '2020-08-11 21:18:57', '销售订单XS_20200811_5/2退货，批次为BC-2449-2867,退货数量为1'),
	(1842, 87, '2020-08-12 00:10:17', '登录系统'),
	(1843, 77, '2020-08-12 00:10:39', '登录系统'),
	(1844, 77, '2020-08-12 00:11:35', '登录系统'),
	(1845, 77, '2020-08-12 00:12:30', '登录系统'),
	(1846, 77, '2020-08-12 00:16:04', '登录系统'),
	(1847, 77, '2020-08-12 00:28:13', '登录系统'),
	(1848, 87, '2020-08-12 08:47:30', '登录系统'),
	(1849, 77, '2020-08-12 08:50:30', '登录系统'),
	(1850, 77, '2020-08-12 08:51:03', '提交采购订单CG_20200812_0'),
	(1851, 77, '2020-08-12 08:56:40', '登录系统'),
	(1852, 77, '2020-08-12 08:57:03', '提交采购订单CG_20200812_1'),
	(1853, 87, '2020-08-12 09:22:22', '登录系统'),
	(1854, 87, '2020-08-12 09:24:39', '登录系统'),
	(1855, 87, '2020-08-12 09:27:15', '登录系统'),
	(1856, 87, '2020-08-12 09:28:55', '修改了子订单960,产品实例2440的售价=44，成本价=22'),
	(1857, 87, '2020-08-12 09:28:59', '修改了子订单963,产品实例2457的售价=55，成本价=23'),
	(1858, 87, '2020-08-12 09:29:04', '修改了子订单962,产品实例2426的售价=200，成本价=165'),
	(1859, 87, '2020-08-12 09:29:08', '修改了子订单961,产品实例2456的售价=22，成本价=11'),
	(1860, 87, '2020-08-12 09:29:10', '变更销售订单XS_20200812_2总金额为1686630'),
	(1861, 87, '2020-08-12 09:29:10', '审核订单XS_20200812_2通过,该订单目前状态为待发货'),
	(1862, 87, '2020-08-12 09:29:22', '审核订单XS_20200810_7通过，该订单汇总销售总价小于该订单销售总价'),
	(1863, 87, '2020-08-12 09:29:22', '变更销售订单XS_20200810_7总金额为3633070'),
	(1864, 87, '2020-08-12 09:29:22', '审核订单XS_20200810_7通过,该订单目前状态为待发货'),
	(1865, 77, '2020-08-12 09:33:29', '登录系统'),
	(1866, 77, '2020-08-12 09:36:41', '登录系统'),
	(1867, 87, '2020-08-12 09:38:59', '登录系统'),
	(1868, 77, '2020-08-12 09:42:22', '登录系统'),
	(1869, 77, '2020-08-12 09:44:06', '提交采购订单CG_20200812_3'),
	(1870, 77, '2020-08-12 09:44:12', 'CG_20200812_3 approval success, the result is 待收货'),
	(1871, 77, '2020-08-12 09:44:21', 'CG_20200812_1 approval success, the result is 待收货'),
	(1872, 77, '2020-08-12 09:44:29', '采购支付,订单为CG_20200810_0支付金额为1978'),
	(1873, 77, '2020-08-12 09:44:33', '采购支付,订单为CG_20200812_3支付金额为171094'),
	(1874, 77, '2020-08-12 09:44:41', '采购支付,订单为CG_20200812_1支付金额为293300'),
	(1875, 87, '2020-08-12 10:14:37', '登录系统'),
	(1876, 87, '2020-08-12 10:14:50', '支付戴有梅的工资共计***元。'),
	(1877, 87, '2020-08-12 10:14:50', '支付韩明芳的工资共计***元。'),
	(1878, 87, '2020-08-12 10:14:50', '支付薛怀庆的工资共计***元。'),
	(1879, 87, '2020-08-12 10:14:50', '支付沙天虹的工资共计***元。'),
	(1880, 87, '2020-08-12 10:14:50', '支付缪艳的工资共计***元。'),
	(1881, 87, '2020-08-12 10:14:50', '支付沈家乐的工资共计***元。'),
	(1882, 87, '2020-08-12 10:14:50', '支付朱忠友的工资共计***元。'),
	(1883, 87, '2020-08-12 10:14:50', '支付黄明祥的工资共计***元。'),
	(1884, 87, '2020-08-12 10:14:50', '支付李立兰的工资共计***元。'),
	(1885, 87, '2020-08-12 10:14:50', '支付薛翠香的工资共计***元。'),
	(1886, 87, '2020-08-12 10:14:50', '支付王桂花的工资共计***元。'),
	(1887, 87, '2020-08-12 10:14:50', '支付王有花的工资共计***元。'),
	(1888, 87, '2020-08-12 10:15:46', '审核订单SC_20200812_4结果为审核通过'),
	(1889, 87, '2020-08-12 10:58:10', '登录系统'),
	(1890, 87, '2020-08-12 10:59:12', '修改客户信息'),
	(1891, 77, '2020-08-12 11:16:29', '登录系统'),
	(1892, 87, '2020-08-12 11:16:49', '登录系统'),
	(1893, 87, '2020-08-12 11:18:13', '登录系统'),
	(1894, 87, '2020-08-12 11:19:04', '修改客户信息'),
	(1895, 87, '2020-08-12 11:27:44', '登录系统'),
	(1896, 87, '2020-08-12 11:27:56', '修改客户信息'),
	(1897, 87, '2020-08-12 11:28:06', '修改客户信息'),
	(1898, 87, '2020-08-12 11:28:20', '修改供货商信息'),
	(1899, 77, '2020-08-12 11:43:03', '登录系统'),
	(1900, 77, '2020-08-12 11:50:15', '登录系统'),
	(1901, 87, '2020-08-12 11:52:19', '登录系统'),
	(1902, 87, '2020-08-12 12:01:12', '登录系统'),
	(1903, 77, '2020-08-12 13:18:19', '退出系统'),
	(1904, 87, '2020-08-12 14:00:41', '修改产品信息'),
	(1905, 87, '2020-08-12 14:01:09', '修改固定资产信息'),
	(1906, 77, '2020-08-12 14:31:58', '修改财务的权限为'),
	(1907, 77, '2020-08-12 14:32:03', '修改人员信息'),
	(1908, 81, '2020-08-12 14:44:53', '修改客户信息'),
	(1909, 81, '2020-08-12 14:46:17', '修改客户信息'),
	(1910, 81, '2020-08-12 14:47:42', '修改客户信息'),
	(1911, 77, '2020-08-12 14:48:27', '修改人员信息'),
	(1912, 77, '2020-08-12 14:48:47', '修改人员信息'),
	(1913, 77, '2020-08-12 14:54:18', '修改客户信息'),
	(1914, 77, '2020-08-12 14:57:03', '修改客户信息'),
	(1915, 89, '2020-08-12 17:07:30', '变更销售订单XS_20200812_15总金额为1002200'),
	(1916, 89, '2020-08-12 17:07:30', '审核订单XS_20200812_15通过,该订单目前状态为待发货'),
	(1917, 89, '2020-08-12 17:09:54', '审核订单时，存在某个订单的成本价高于或者等于销售价，但依旧继续进行了审核操作'),
	(1918, 89, '2020-08-12 17:09:55', '变更销售订单XS_20200812_17总金额为439989'),
	(1919, 89, '2020-08-12 17:09:55', '审核订单XS_20200812_17通过,该订单目前状态为待发货'),
	(1920, 89, '2020-08-13 18:36:21', '审核订单XS_20200813_9通过，该订单汇总销售总价小于该订单销售总价'),
	(1921, 89, '2020-08-13 18:36:21', '变更销售订单XS_20200813_9总金额为3553008'),
	(1922, 89, '2020-08-13 18:36:21', '审核订单XS_20200813_9通过,该订单目前状态为待发货'),
	(1923, 89, '2020-08-13 21:32:24', '提交采购订单CG_20200813_17'),
	(1924, 89, '2020-08-14 07:29:17', '批次=BC-2442-2865,从默认库位移动了8008到3号仓库'),
	(1925, 89, '2020-08-14 07:30:19', '生产领料成功，原料实例ID=2424, 批次=BC-2424-2858,领料数量=,1,工订单ID=98, 工单名称=SC_20200812_4'),
	(1926, 89, '2020-08-14 07:30:38', '销售出库成功,物料实例ID=2426, 批次=BC-2426-2859,发货数量=,1,子订单ID=962'),
	(1927, 89, '2020-08-14 07:30:59', '退料成功,物料实例ID=2424, 退料详情=dd退库信息：领料ID=360;领料人=;批次=BC-2424-2858;原始领料数量=10.85;此次退库数量=0.85'),
	(1928, 89, '2020-08-14 10:34:01', '退出系统'),
	(1929, 89, '2020-08-14 10:42:22', '退出系统'),
	(1930, 89, '2020-08-14 12:45:45', '修改公司基本信息信息'),
	(1931, 89, '2020-08-14 12:45:51', '修改公司地址信息信息'),
	(1932, 89, '2020-08-14 13:27:03', '修改了子订单972,产品实例2562的售价=44，成本价=22'),
	(1933, 89, '2020-08-14 13:27:04', '变更销售订单XS_20200814_9总金额为3422188'),
	(1934, 89, '2020-08-14 13:27:04', '审核订单XS_20200814_9通过,该订单目前状态为待发货'),
	(1935, 77, '2020-08-14 15:07:05', '修改tttt的权限'),
	(1936, 77, '2020-08-14 15:07:14', '修改财务的权限'),
	(1937, 89, '2020-08-14 17:03:23', '修改公司地址信息信息'),
	(1938, 89, '2020-08-15 10:38:48', '修改公司基本信息信息'),
	(1939, 77, '2020-08-16 15:25:19', '修改生产的权限'),
	(1940, 77, '2020-08-16 15:25:30', '修改人员信息'),
	(1941, 77, '2020-08-16 15:25:35', '修改人员信息'),
	(1942, 85, '2020-08-16 15:26:17', '修改人员信息'),
	(1943, 85, '2020-08-16 15:26:19', '修改人员信息'),
	(1944, 85, '2020-08-16 15:26:35', '修改人员信息'),
	(1945, 85, '2020-08-16 15:27:04', '修改人员信息'),
	(1946, 77, '2020-08-16 16:53:19', '修改采购的权限'),
	(1947, 77, '2020-08-16 16:53:26', '修改人员信息'),
	(1948, 77, '2020-08-17 15:51:53', '修改工艺基本信息'),
	(1949, 77, '2020-08-17 20:41:28', '修改采购的权限'),
	(1950, 77, '2020-08-17 20:50:02', '修改仓库管理的权限'),
	(1951, 77, '2020-08-17 20:51:16', '修改仓库管理的权限'),
	(1952, 77, '2020-08-18 08:47:39', '修改人员信息'),
	(1953, 77, '2020-08-18 08:52:05', '修改tttt的权限'),
	(1954, 77, '2020-08-18 09:33:16', '修改tttt的权限'),
	(1955, 77, '2020-08-18 10:14:48', '修改公司基本信息信息'),
	(1956, 77, '2020-08-18 10:14:50', '修改公司地址信息信息'),
	(1957, 77, '2020-08-18 10:14:58', '修改订单审核的权限'),
	(1958, 77, '2020-08-18 10:15:23', '修改财务的权限'),
	(1959, 77, '2020-08-18 15:27:50', '修改供货商信息'),
	(1960, 77, '2020-08-18 15:28:36', '原料入库成功，原料实例ID=2455, 批次=BC-2455-2871,入库数量=7771'),
	(1961, 77, '2020-08-18 15:28:46', '原料入库成功，原料实例ID=2424, 批次=BC-2424-2872,入库数量=9000'),
	(1962, 77, '2020-08-18 15:35:34', '生产领料成功，原料实例ID=2424, 批次=BC-2424-2858,领料数量=,1,工订单ID=95, 工单名称=SC_20200812_4'),
	(1963, 77, '2020-08-18 15:35:42', '生产领料成功，原料实例ID=2455, 批次=BC-2455-2862,领料数量=,11,工订单ID=96, 工单名称=SC_20200812_4'),
	(1964, 77, '2020-08-18 15:35:58', '生产领料成功，原料实例ID=2455, 批次=BC-2455-2871,领料数量=,1.2,工订单ID=97, 工单名称=SC_20200812_4'),
	(1965, 77, '2020-08-18 15:36:05', '生产领料成功，原料实例ID=2424, 批次=BC-2424-2858,领料数量=,1,工订单ID=99, 工单名称=SC_20200812_4'),
	(1966, 77, '2020-08-18 15:36:32', '生产领料成功，原料实例ID=2424, 批次=BC-2424-2858,领料数量=,1,工订单ID=94, 工单名称=SC_20200811_15'),
	(1967, 77, '2020-08-18 15:36:39', '生产领料成功，原料实例ID=2424, 批次=BC-2424-2858,领料数量=,1,工订单ID=93, 工单名称=SC_20200811_14'),
	(1968, 77, '2020-08-18 15:36:45', '生产领料成功，原料实例ID=2455, 批次=BC-2455-2862,领料数量=,1,工订单ID=92, 工单名称=SC_20200811_13'),
	(1969, 77, '2020-08-18 15:38:15', '生产入库成功，产品实例ID=2436, 批次=BC-2436-2875,入库数量=,10000,工单ID=97'),
	(1970, 77, '2020-08-18 15:38:33', '生产入库成功，产品实例ID=2457, 批次=BC-2457-2876,入库数量=,8000,工单ID=99'),
	(1971, 77, '2020-08-18 15:38:37', '生产入库成功，产品实例ID=2456, 批次=BC-2456-2877,入库数量=,5000,工单ID=98'),
	(1972, 77, '2020-08-18 15:38:46', '生产入库成功，产品实例ID=2432, 批次=BC-2432-2878,入库数量=,3000,工单ID=96'),
	(1973, 77, '2020-08-18 15:38:57', '生产入库成功，产品实例ID=2426, 批次=BC-2426-2880,入库数量=,3000,工单ID=95'),
	(1974, 77, '2020-08-18 15:39:08', '生产入库成功，产品实例ID=2440, 批次=BC-2440-2881,入库数量=,1201,工单ID=94'),
	(1975, 77, '2020-08-18 15:39:18', '生产入库成功，产品实例ID=2449, 批次=BC-2449-2883,入库数量=,890,工单ID=93'),
	(1976, 77, '2020-08-18 15:39:30', '生产入库成功，产品实例ID=2426, 批次=BC-2426-2885,入库数量=,1985,工单ID=92'),
	(1977, 77, '2020-08-18 15:42:20', '销售出库成功,物料实例ID=2440, 批次=BC-2440-2868,发货数量=,799,子订单ID=960'),
	(1978, 77, '2020-08-18 15:42:29', '销售出库成功,物料实例ID=2440, 批次=BC-2440-2882,发货数量=,212,子订单ID=960'),
	(1979, 77, '2020-08-18 16:47:37', '退料成功,物料实例ID=2424, 退料详情=退库信息：领料ID=372;领料人=;批次=BC-2424-2858;原始领料数量=5.9;此次退库数量=0.15'),
	(1980, 77, '2020-08-18 17:01:57', '审核订单SC_20200818_2结果为审核通过'),
	(1981, 77, '2020-08-18 19:15:46', '审核订单SC_20200818_12结果为审核通过'),
	(1982, 77, '2020-08-18 19:15:51', '审核订单SC_20200814_13结果为审核通过'),
	(1983, 77, '2020-08-18 19:15:53', '审核订单SC_20200814_12结果为审核通过'),
	(1984, 77, '2020-08-18 19:15:54', '审核订单SC_20200814_8结果为审核通过'),
	(1985, 77, '2020-08-18 19:15:56', '审核订单SC_20200814_3结果为审核通过'),
	(1986, 77, '2020-08-18 19:34:30', '变更销售订单XS_20200814_10总金额为499886'),
	(1987, 77, '2020-08-18 19:34:30', '审核订单XS_20200814_10通过,该订单目前状态为待发货'),
	(1988, 0, '2020-08-18 19:35:17', '修改人员信息'),
	(1989, 77, '2020-08-19 20:18:34', '提交采购订单CG_20200819_0'),
	(1990, 77, '2020-08-19 20:18:38', 'CG_20200819_0 approval success, the result is 待收货'),
	(1991, 77, '2020-08-19 20:18:48', 'CG_20200813_17 approval success, the result is 待收货'),
	(1992, 77, '2020-08-20 11:49:56', '原料入库成功，原料实例ID=2513, 批次=BC-2513-2887,入库数量=6666'),
	(1993, 77, '2020-08-20 12:03:00', '原料入库成功，原料实例ID=2513, 批次=BC-2513-2888,入库数量=888'),
	(1994, 85, '2020-08-20 13:07:21', '原料入库成功，原料实例ID=2513, 批次=BC-2513-2889,入库数量=44444'),
	(1995, 85, '2020-08-20 13:31:12', '提交采购订单CG_20200820_3'),
	(1996, 85, '2020-08-20 13:43:42', '提交采购订单CG_20200820_4'),
	(1997, 85, '2020-08-20 13:46:30', '提交采购订单CG_20200820_5'),
	(1998, 85, '2020-08-20 14:00:05', '修改原料信息'),
	(1999, 85, '2020-08-20 14:00:39', '提交采购订单CG_20200820_6'),
	(2000, 85, '2020-08-21 15:24:45', '修改了子订单978,产品实例2460的售价=35，成本价=23'),
	(2001, 85, '2020-08-21 15:24:51', '修改了子订单979,产品实例2553的售价=55，成本价=32'),
	(2002, 85, '2020-08-21 15:24:56', '修改了子订单977,产品实例2565的售价=66，成本价=28'),
	(2003, 85, '2020-08-21 15:25:05', '修改了子订单977,产品实例2565的售价=69，成本价=28'),
	(2004, 85, '2020-08-21 16:02:03', '修改了子订单979,产品实例2553的售价=66，成本价=32'),
	(2005, 85, '2020-08-21 16:02:12', '修改了子订单979,产品实例2553的售价=55，成本价=32'),
	(2006, 85, '2020-08-21 16:02:22', '变更销售订单XS_20200821_2总金额***'),
	(2007, 85, '2020-08-21 16:02:22', '审核订单XS_20200821_2通过,该订单目前状态为待发货'),
	(2008, 85, '2020-08-23 10:03:56', 'CG_20200823_2 approval success, the result is 待收货'),
	(2009, 85, '2020-08-23 10:04:05', 'CG_20200823_1 approval success, the result is 待收货'),
	(2010, 85, '2020-08-23 10:04:17', 'CG_20200823_0 approval success, the result is 待收货'),
	(2011, 85, '2020-08-23 10:04:34', 'CG_20200820_6 approval success, the result is 待收货'),
	(2012, 85, '2020-08-23 10:04:41', 'CG_20200820_3 approval success, the result is 待收货'),
	(2013, 85, '2020-08-23 10:04:54', '原料入库成功，原料实例ID=2573, 批次=BC-2573-2890,入库数量=9000'),
	(2014, 85, '2020-08-23 10:05:03', '原料入库成功，原料实例ID=2481, 批次=BC-2481-2892,入库数量=6000'),
	(2015, 85, '2020-08-23 10:05:07', '原料入库成功，原料实例ID=2479, 批次=BC-2479-2893,入库数量=8000'),
	(2016, 85, '2020-08-23 10:05:19', '原料入库成功，原料实例ID=2479, 批次=BC-2479-2894,入库数量=40000'),
	(2017, 85, '2020-08-23 10:05:29', '原料入库成功，原料实例ID=2544, 批次=BC-2544-2895,入库数量=15000'),
	(2018, 85, '2020-08-23 10:05:33', '原料入库成功，原料实例ID=2513, 批次=BC-2513-2896,入库数量=10000'),
	(2019, 85, '2020-08-23 10:05:41', '原料入库成功，原料实例ID=2522, 批次=BC-2522-2897,入库数量=9000'),
	(2020, 85, '2020-08-25 12:16:27', '生产领料成功，原料实例ID=2424, 批次=BC-2424-2858,领料数量=,877,工订单ID=106, 工单名称=SC_20200814_12'),
	(2021, 85, '2020-08-25 12:17:03', '生产领料成功，原料实例ID=2455, 批次=BC-2455-2862,领料数量=,10000,工订单ID=107, 工单名称=SC_20200814_12'),
	(2022, 85, '2020-08-25 12:17:29', '生产领料成功，原料实例ID=2455, 批次=BC-2455-2862,领料数量=,0.1,工订单ID=103, 工单名称=SC_20200814_8'),
	(2023, 85, '2020-08-25 12:17:46', '生产领料成功，原料实例ID=2455, 批次=BC-2455-2862,领料数量=,0.5,工订单ID=103, 工单名称=SC_20200814_8'),
	(2024, 85, '2020-08-25 12:18:55', '生产领料成功，原料实例ID=2481, 批次=BC-2481-2892,领料数量=,609,工订单ID=93, 工单名称=SC_20200811_14'),
	(2025, 85, '2020-08-25 13:51:14', '变更销售订单XS_20200825_0总金额***'),
	(2026, 85, '2020-08-25 13:51:14', '审核订单XS_20200825_0通过,该订单目前状态为待发货'),
	(2027, 85, '2020-08-25 18:54:33', '采购支付,订单为CG_20200820_6支付金额为1099989'),
	(2028, 85, '2020-08-25 18:54:37', '采购支付,订单为CG_20200823_0支付金额为264000'),
	(2029, 85, '2020-08-25 18:54:41', '采购支付,订单为CG_20200823_2支付金额为9000'),
	(2030, 85, '2020-08-25 18:54:49', '采购支付,订单为CG_20200823_1支付金额为6080'),
	(2031, 85, '2020-08-25 18:54:55', '采购支付,订单为CG_20200812_1支付金额为4'),
	(2032, 85, '2020-08-25 18:55:01', '采购支付,订单为CG_20200819_0支付金额为650000'),
	(2033, 85, '2020-08-25 18:55:09', '采购支付,订单为CG_20200813_17支付金额为35550'),
	(2034, 85, '2020-08-25 18:55:20', '采购支付,订单为CG_20200813_17支付金额为1'),
	(2035, 85, '2020-08-25 18:55:37', '采购支付,订单为CG_20200820_3支付金额为12220'),
	(2036, 85, '2020-08-25 18:56:10', '提交采购订单CG_20200825_3'),
	(2037, 85, '2020-08-25 18:56:16', 'CG_20200825_3 approval success, the result is 待收货'),
	(2038, 85, '2020-08-25 18:57:02', '采购支付,订单为CG_20200825_3支付金额为134440'),
	(2039, 85, '2020-08-25 19:00:33', '提交采购订单CG_20200825_4'),
	(2040, 85, '2020-08-25 19:00:37', 'CG_20200825_4 approval success, the result is 待收货'),
	(2041, 85, '2020-08-25 19:00:47', '采购支付,订单为CG_20200825_4支付金额为3822100'),
	(2042, 85, '2020-08-25 19:06:56', '审核订单SC_20200825_7结果为审核通过'),
	(2043, 85, '2020-08-25 19:07:16', '审核订单SC_20200825_8结果为审核通过'),
	(2044, 85, '2020-08-25 19:07:50', 'CG_20200825_10 approval success, the result is 待收货'),
	(2045, 85, '2020-08-25 19:07:56', 'CG_20200825_9 approval success, the result is 待收货'),
	(2046, 85, '2020-08-25 19:08:30', '原料入库成功，原料实例ID=2573, 批次=BC-2573-2898,入库数量=8000'),
	(2047, 85, '2020-08-25 19:12:11', '原料入库成功，原料实例ID=2573, 批次=BC-2573-2899,入库数量=8888'),
	(2048, 85, '2020-08-25 19:32:21', '原料入库成功，原料实例ID=2573, 批次=BC-2573-2900,入库数量=1000'),
	(2049, 85, '2020-08-25 19:34:14', '原料入库成功，原料实例ID=2573, 批次=BC-2573-2901,入库数量=1888'),
	(2050, 85, '2020-08-25 19:40:23', '原料入库成功，原料实例ID=2573, 批次=BC-2573-2902,入库数量=12222'),
	(2051, 85, '2020-08-25 19:40:41', '采购支付,订单为CG_20200825_15支付金额为153508.32'),
	(2052, 85, '2020-08-25 19:41:20', '采购支付,订单为CG_20200825_14支付金额为22656'),
	(2053, 85, '2020-08-25 19:46:46', '提交采购订单CG_20200825_16'),
	(2054, 85, '2020-08-25 19:53:18', 'CG_20200825_16 approval success, the result is 待收货'),
	(2055, 85, '2020-08-25 19:53:59', '原料入库成功，原料实例ID=2540, 批次=BC-2540-2903,入库数量=1000'),
	(2056, 85, '2020-08-25 19:54:28', '采购支付,订单为CG_20200825_17支付金额为88000'),
	(2057, 85, '2020-08-26 08:56:17', '退出系统'),
	(2058, 85, '2020-08-26 10:37:20', '修改产品信息'),
	(2059, 85, '2020-08-26 10:37:23', '修改产品信息'),
	(2060, 85, '2020-08-26 10:42:30', '修改产品单位信息'),
	(2061, 85, '2020-08-26 10:43:06', '修改产品信息'),
	(2062, 85, '2020-08-26 10:43:13', '修改产品信息'),
	(2063, 85, '2020-08-26 10:46:32', '修改产品信息'),
	(2064, 85, '2020-08-26 10:46:35', '修改产品信息'),
	(2065, 85, '2020-08-26 13:15:59', '提交采购订单CG_20200826_7'),
	(2066, 85, '2020-08-26 13:16:06', 'CG_20200826_7 approval success, the result is 待收货'),
	(2067, 0, '2020-08-26 14:31:03', '退出系统'),
	(2068, 77, '2020-08-26 15:03:32', '修改人员信息'),
	(2069, 77, '2020-08-26 15:03:43', '修改tttt的权限'),
	(2070, 85, '2020-08-28 17:43:02', '修改设备信息'),
	(2071, 85, '2020-08-28 17:43:38', '修改仓库信息'),
	(2072, 85, '2020-08-28 19:39:22', 'CG_20200828_6 approval success, the result is 待收货'),
	(2073, 85, '2020-08-29 10:40:11', '修改人员信息'),
	(2074, 85, '2020-09-02 06:29:52', '修改客户信息'),
	(2075, 85, '2020-09-02 06:34:31', '修改客户信息'),
	(2076, 85, '2020-09-02 06:42:26', '修改供货商信息'),
	(2077, 85, '2020-09-02 07:09:24', '修改供货商信息'),
	(2078, 85, '2020-09-02 07:11:11', '修改设备信息'),
	(2079, 85, '2020-09-02 07:15:03', '修改设备信息'),
	(2080, 85, '2020-09-02 07:20:43', '修改设备信息'),
	(2081, 85, '2020-09-02 07:21:22', '修改设备信息'),
	(2082, 85, '2020-09-02 07:27:10', '修改工序信息'),
	(2083, 85, '2020-09-02 07:27:17', '修改工序信息'),
	(2084, 85, '2020-09-02 07:28:47', '修改工序信息'),
	(2085, 85, '2020-09-02 07:34:23', '修改原料信息'),
	(2086, 85, '2020-09-02 07:35:45', '修改原料信息'),
	(2087, 85, '2020-09-02 07:35:58', '修改原料信息'),
	(2088, 85, '2020-09-02 07:36:04', '修改原料信息'),
	(2089, 85, '2020-09-02 07:36:11', '修改原料信息'),
	(2090, 85, '2020-09-02 07:37:31', '修改产品信息'),
	(2091, 85, '2020-09-02 07:38:10', '修改产品信息'),
	(2092, 85, '2020-09-02 07:38:42', '修改工艺基本信息'),
	(2093, 85, '2020-09-02 07:38:55', '编辑工艺对应的工序信息'),
	(2094, 85, '2020-09-02 07:39:43', '修改固定资产信息'),
	(2095, 85, '2020-09-02 07:41:07', '修改固定资产信息'),
	(2096, 85, '2020-09-02 13:34:00', '修改人员信息'),
	(2097, 85, '2020-09-02 13:34:09', '修改人员信息'),
	(2098, 85, '2020-09-02 13:34:16', '修改人员信息'),
	(2099, 85, '2020-09-02 13:34:17', '修改人员信息'),
	(2100, 85, '2020-09-02 13:34:18', '修改人员信息'),
	(2101, 85, '2020-09-02 13:34:18', '修改人员信息'),
	(2102, 85, '2020-09-02 13:34:18', '修改人员信息'),
	(2103, 85, '2020-09-03 05:42:09', '批次=627,库存从109863调整为109861'),
	(2104, 85, '2020-09-03 05:45:51', '批次=623,库存从34.15调整为34.14'),
	(2105, 85, '2020-09-03 05:46:08', '批次=BC-2424-2858,从默认库位移动了34.14到材料库'),
	(2106, 85, '2020-09-03 05:46:16', '批次=BC-2424-2872,从默认库位移动了9000到原料库'),
	(2107, 85, '2020-09-03 05:47:38', '批次=664,库存从34.14调整为34'),
	(2108, 85, '2020-09-03 06:43:05', '批次=664,库存从34调整为44'),
	(2109, 85, '2020-09-03 06:43:21', '批次=BC-2424-2872,从原料库移动了9000到材料库'),
	(2110, 85, '2020-09-03 06:43:38', '提交采购订单CG_20200903_0'),
	(2111, 85, '2020-09-03 06:43:42', 'CG_20200903_0 approval success, the result is 待收货'),
	(2112, 85, '2020-09-04 10:54:45', '修改了子订单1022,产品实例2620的售价=22，成本价=1'),
	(2113, 85, '2020-09-04 10:54:48', '修改了子订单1019,产品实例2607的售价=33，成本价=1'),
	(2114, 85, '2020-09-04 10:54:51', '修改了子订单1021,产品实例2426的售价=44，成本价=1'),
	(2115, 85, '2020-09-04 10:54:55', '修改了子订单1020,产品实例2614的售价=55，成本价=1'),
	(2116, 85, '2020-09-04 10:54:59', '修改了子订单1023,产品实例2635的售价=66，成本价=1'),
	(2117, 85, '2020-09-04 10:55:04', '修改了子订单1018,产品实例2565的售价=77，成本价=1'),
	(2118, 85, '2020-09-04 10:55:15', '变更销售订单XS_20200904_0总金额***'),
	(2119, 85, '2020-09-04 10:55:15', '审核订单XS_20200904_0通过,该订单目前状态为待发货'),
	(2120, 85, '2020-09-04 11:03:55', '修改了子订单1029,产品实例2626的售价=11，成本价=1'),
	(2121, 85, '2020-09-04 11:03:58', '修改了子订单1024,产品实例2602的售价=22，成本价=1'),
	(2122, 85, '2020-09-04 11:04:00', '修改了子订单1025,产品实例2607的售价=12，成本价=1'),
	(2123, 85, '2020-09-04 11:04:03', '修改了子订单1026,产品实例2562的售价=23，成本价=1'),
	(2124, 85, '2020-09-04 11:04:05', '修改了子订单1027,产品实例2614的售价=22，成本价=1'),
	(2125, 85, '2020-09-04 11:04:09', '修改了子订单1028,产品实例2635的售价=333，成本价=1'),
	(2126, 85, '2020-09-04 11:04:16', '变更销售订单XS_20200904_1总金额***'),
	(2127, 85, '2020-09-04 11:04:16', '审核订单XS_20200904_1通过,该订单目前状态为待发货'),
	(2128, 85, '2020-09-04 12:17:51', '审核订单SC_20200904_3结果为审核通过'),
	(2129, 85, '2020-09-04 12:22:02', '退出系统'),
	(2130, 85, '2020-09-04 13:01:45', '审核订单SC_20200904_5结果为审核通过'),
	(2131, 85, '2020-09-04 13:02:38', '生产入库成功，产品实例ID=2449, 批次=BC-2449-2928,入库数量=,1000,工单ID=93'),
	(2132, 85, '2020-09-04 13:03:16', '销售出库成功,物料实例ID=2426, 批次=BC-2426-2885,发货数量=,1,子订单ID=1021'),
	(2133, 85, '2020-09-04 13:03:39', '销售订单XS_20200904_1/6退货，批次为BC-2426-2885,退货数量为1'),
	(2134, 85, '2020-09-04 14:17:10', '修改产品信息'),
	(2135, 85, '2020-09-04 14:18:29', '变更销售订单XS_20200904_6总金额***'),
	(2136, 85, '2020-09-04 14:18:29', '审核订单XS_20200904_6通过,该订单目前状态为待发货'),
	(2137, 85, '2020-09-06 12:22:29', '修改客户信息'),
	(2138, 85, '2020-09-06 12:22:38', '修改设备信息'),
	(2139, 85, '2020-09-06 12:22:41', '修改工序信息'),
	(2140, 85, '2020-09-06 12:22:44', '修改原料信息'),
	(2141, 85, '2020-09-06 12:22:47', '修改产品信息'),
	(2142, 85, '2020-09-06 12:22:51', '修改固定资产信息'),
	(2143, 85, '2020-09-06 12:45:40', '审核订单SC_20200906_0结果为审核通过'),
	(2144, 85, '2020-09-06 12:45:45', '审核订单SC_20200904_4结果为审核通过'),
	(2145, 85, '2020-09-06 13:10:22', '修改人员信息'),
	(2146, 85, '2020-09-06 13:10:23', '修改人员信息'),
	(2147, 85, '2020-09-06 13:10:23', '修改人员信息'),
	(2148, 85, '2020-09-06 13:10:24', '修改人员信息'),
	(2149, 85, '2020-09-06 13:10:24', '修改人员信息'),
	(2150, 85, '2020-09-06 13:10:25', '修改人员信息'),
	(2151, 85, '2020-09-06 13:10:25', '修改人员信息'),
	(2152, 85, '2020-09-06 13:10:32', '修改人员信息'),
	(2153, 85, '2020-09-06 13:10:33', '修改人员信息'),
	(2154, 85, '2020-09-06 13:10:33', '修改人员信息'),
	(2155, 85, '2020-09-06 13:10:34', '修改人员信息'),
	(2156, 85, '2020-09-06 13:10:35', '修改人员信息'),
	(2157, 85, '2020-09-06 13:10:35', '修改人员信息'),
	(2158, 85, '2020-09-06 13:10:36', '修改人员信息'),
	(2159, 85, '2020-09-06 13:10:36', '修改人员信息'),
	(2160, 85, '2020-09-06 13:10:37', '修改人员信息'),
	(2161, 85, '2020-09-06 13:10:37', '修改人员信息'),
	(2162, 85, '2020-09-06 13:11:49', '修改人员信息'),
	(2163, 85, '2020-09-06 13:11:57', '修改人员信息'),
	(2164, 85, '2020-09-06 13:11:58', '修改人员信息'),
	(2165, 85, '2020-09-06 13:11:59', '修改人员信息'),
	(2166, 85, '2020-09-06 13:16:01', '修改人员角色信息'),
	(2167, 85, '2020-09-06 13:16:02', '修改人员角色信息'),
	(2168, 85, '2020-09-06 13:16:03', '修改人员角色信息'),
	(2169, 85, '2020-09-06 13:16:04', '修改人员角色信息'),
	(2170, 85, '2020-09-06 13:16:04', '修改人员角色信息'),
	(2171, 85, '2020-09-06 13:16:05', '修改人员角色信息'),
	(2172, 85, '2020-09-06 13:16:05', '修改人员角色信息'),
	(2173, 85, '2020-09-06 13:16:06', '修改人员角色信息'),
	(2174, 85, '2020-09-06 13:16:07', '修改人员角色信息'),
	(2175, 85, '2020-09-06 13:16:08', '修改人员角色信息'),
	(2176, 85, '2020-09-06 13:16:11', '修改人员角色信息'),
	(2177, 85, '2020-09-06 13:16:12', '修改人员角色信息'),
	(2178, 85, '2020-09-06 13:16:12', '修改人员角色信息'),
	(2179, 85, '2020-09-06 13:16:16', '修改人员角色信息'),
	(2180, 85, '2020-09-06 13:16:17', '修改人员角色信息'),
	(2181, 85, '2020-09-06 13:37:03', '修改客户信息'),
	(2182, 85, '2020-09-06 13:37:26', '修改客户信息'),
	(2183, 77, '2020-09-11 15:42:12', '退出系统'),
	(2184, 77, '2020-09-11 16:38:33', '退出系统'),
	(2185, 77, '2020-09-13 11:31:59', '退出系统'),
	(2186, 77, '2020-09-13 11:32:57', '退出系统'),
	(2187, 77, '2020-09-14 16:25:39', '修改tttt的权限'),
	(2188, 85, '2020-09-16 12:26:29', '审核订单SC_20200916_0结果为审核通过'),
	(2189, 85, '2020-09-16 12:27:42', '变更销售订单XS_20200916_1总金额***'),
	(2190, 85, '2020-09-16 12:27:42', '审核订单XS_20200916_1通过,该订单目前状态为待发货'),
	(2191, 85, '2020-09-16 15:07:37', '修改产品附加属性信息'),
	(2192, 85, '2020-09-16 15:19:41', '修改了子订单1046,产品实例2646的售价=333，成本价=1'),
	(2193, 85, '2020-09-16 15:19:52', '变更销售订单XS_20200916_6总金额***'),
	(2194, 85, '2020-09-16 15:19:52', '审核订单XS_20200916_6通过,该订单目前状态为待发货'),
	(2195, 85, '2020-09-24 15:34:52', '生产入库成功，产品实例ID=2565, 批次=BC-2565-2931,入库数量=,10000,工单ID=107'),
	(2196, 85, '2020-09-24 15:35:06', '销售出库成功,物料实例ID=2565, 批次=BC-2565-2931,发货数量=,1,子订单ID=1018'),
	(2197, 85, '2020-09-24 15:35:30', '批次=664,库存从44调整为45'),
	(2198, 85, '2020-09-24 15:35:38', '批次=BC-2424-2858,从材料库移动了45到成品库'),
	(2199, 85, '2020-09-24 15:39:11', '修改固定资产信息'),
	(2200, 85, '2020-09-24 15:40:52', '退出系统'),
	(2201, 85, '2020-09-24 15:56:00', '提交采购订单CG_20200924_9'),
	(2202, 85, '2020-09-24 15:56:26', '删除备货单SC_20200924_6'),
	(2203, 85, '2020-09-24 15:56:29', '删除备货单SC_20200924_7'),
	(2204, 85, '2020-09-24 15:56:31', '删除备货单SC_20200924_8'),
	(2205, 85, '2020-09-24 15:56:33', '删除备货单SC_20200924_10'),
	(2206, 85, '2020-09-24 15:57:19', '审核订单SC_20200924_11结果为审核通过'),
	(2207, 85, '2020-09-24 15:57:58', '原料入库成功，原料实例ID=2526, 批次=BC-2526-2932,入库数量=10000'),
	(2208, 85, '2020-09-24 15:58:24', '生产领料成功，原料实例ID=2455, 批次=BC-2455-2862,领料数量=,111,工订单ID=169, 工单名称=SC_20200924_11'),
	(2209, 85, '2020-09-24 15:58:37', '退料成功,物料实例ID=2455, 退料详情=退库信息：领料ID=397;领料人=;批次=BC-2455-2862;原始领料数量=111;此次退库数量=1.7'),
	(2210, 85, '2020-09-26 12:51:37', '退出系统'),
	(2211, 85, '2020-10-08 14:07:17', '退出系统'),
	(2212, 85, '2020-10-08 14:41:50', '批次=671,库存从0调整为8888'),
	(2213, 77, '2020-10-09 19:38:48', '修改tttt的权限'),
	(2214, 85, '2020-10-12 21:36:06', '退出系统'),
	(2215, 85, '2020-10-12 21:45:22', '审核订单SC_20201012_0结果为审核通过'),
	(2216, 85, '2020-10-12 21:53:35', '修改了子订单1049,产品实例2609的售价=22，成本价=12'),
	(2217, 85, '2020-10-12 21:53:59', '修改了子订单1049,产品实例2609的售价=22，成本价=12'),
	(2218, 85, '2020-10-12 21:54:01', '修改了子订单1049,产品实例2609的售价=22，成本价=12'),
	(2219, 85, '2020-10-12 21:54:19', '修改了子订单1048,产品实例2643的售价=122，成本价=111'),
	(2220, 85, '2020-10-12 21:54:30', '变更销售订单XS_20201012_1总金额***'),
	(2221, 85, '2020-10-12 21:54:30', '审核订单XS_20201012_1通过,该订单目前状态为待发货'),
	(2222, 77, '2020-10-16 19:34:38', '修改客户信息'),
	(2223, 77, '2020-10-16 19:35:15', '修改客户信息'),
	(2224, 77, '2020-10-17 08:50:21', '修改了子订单1047,产品实例2648的售价=122，成本价=11'),
	(2225, 77, '2020-10-24 10:57:01', '原料入库成功，原料实例ID=2540, 批次=BC-2540-2939,入库数量=11'),
	(2226, 77, '2020-10-24 10:57:25', '原料入库成功，原料实例ID=2573, 批次=BC-2573-2940,入库数量=2500'),
	(2227, 77, '2020-10-28 21:33:38', '修改客户信息'),
	(2228, 77, '2020-11-08 10:48:27', '生产领料成功，原料实例ID=2455, 批次=BC-2455-2862,领料数量=,11,工订单ID=171, 工单名称=SC_20201012_0'),
	(2229, 77, '2020-11-08 11:01:23', '生产领料成功，原料实例ID=2455, 批次=BC-2455-2862,领料数量=,11,工订单ID=172, 工单名称=SC_20201012_0'),
	(2230, 77, '2020-11-08 11:02:06', '生产领料成功，原料实例ID=2455, 批次=BC-2455-2862,领料数量=,25,工单ID=93, 工单名称=SC_20201012_0'),
	(2231, 77, '2020-11-08 11:02:06', '生产领料成功，原料实例ID=2455, 批次=BC-2455-2862,领料数量=,250,工单ID=93, 工单名称=SC_20201012_0'),
	(2232, 77, '2020-11-08 11:02:06', '生产领料成功，原料实例ID=2455, 批次=BC-2455-2862,领料数量=,25,工单ID=93, 工单名称=SC_20201012_0'),
	(2233, 77, '2020-11-08 11:02:06', '生产领料成功，原料实例ID=2455, 批次=BC-2455-2862,领料数量=,333.333,工单ID=93, 工单名称=SC_20201012_0'),
	(2234, 77, '2020-11-08 11:02:06', '生产领料成功，原料实例ID=2455, 批次=BC-2455-2862,领料数量=,250,工单ID=93, 工单名称=SC_20201012_0'),
	(2235, 77, '2020-11-08 11:02:06', '生产领料成功，原料实例ID=2455, 批次=BC-2455-2862,领料数量=,25,工单ID=93, 工单名称=SC_20201012_0'),
	(2236, 77, '2020-11-08 11:02:06', '生产领料成功，原料实例ID=2455, 批次=BC-2455-2862,领料数量=,333.333,工单ID=93, 工单名称=SC_20201012_0'),
	(2237, 77, '2020-11-08 11:02:06', '生产领料成功，原料实例ID=2455, 批次=BC-2455-2862,领料数量=,250,工单ID=93, 工单名称=SC_20201012_0'),
	(2238, 77, '2020-11-08 11:02:06', '生产领料成功，原料实例ID=2455, 批次=BC-2455-2862,领料数量=,25,工单ID=93, 工单名称=SC_20201012_0'),
	(2239, 77, '2020-11-08 11:02:06', '生产领料成功，原料实例ID=2455, 批次=BC-2455-2862,领料数量=,333.333,工单ID=93, 工单名称=SC_20201012_0'),
	(2240, 77, '2020-11-08 11:02:06', '生产领料成功，原料实例ID=2455, 批次=BC-2455-2862,领料数量=,250,工单ID=93, 工单名称=SC_20201012_0'),
	(2241, 77, '2020-11-08 11:55:01', '生产领料成功，原料实例ID=2455, 批次=BC-2455-2862,领料数量=,3250,工单ID=93, 工单名称=SC_20201012_0'),
	(2242, 77, '2020-11-08 11:55:09', '生产领料成功，原料实例ID=2455, 批次=BC-2455-2862,领料数量=,3250,工单ID=93, 工单名称=SC_20201012_0'),
	(2243, 77, '2020-11-08 11:55:16', '生产领料成功，原料实例ID=2455, 批次=BC-2455-2862,领料数量=,3250,工单ID=93, 工单名称=SC_20201012_0'),
	(2244, 77, '2020-11-08 11:59:01', '生产领料成功，原料实例ID=2455, 批次=BC-2455-2862,领料数量=,250,工单ID=93, 工单名称=SC_20201012_0'),
	(2245, 77, '2020-11-08 11:59:01', '生产领料成功，原料实例ID=2455, 批次=BC-2455-2862,领料数量=,250,工单ID=93, 工单名称=SC_20201012_0'),
	(2246, 77, '2020-11-08 11:59:01', '生产领料成功，原料实例ID=2455, 批次=BC-2455-2862,领料数量=,250,工单ID=93, 工单名称=SC_20201012_0'),
	(2247, 77, '2020-11-08 11:59:01', '生产领料成功，原料实例ID=2455, 批次=BC-2455-2862,领料数量=,250,工单ID=93, 工单名称=SC_20201012_0'),
	(2248, 77, '2020-11-08 11:59:34', '生产领料成功，原料实例ID=2455, 批次=BC-2455-2862,领料数量=,250,工单ID=93, 工单名称=SC_20201012_0'),
	(2249, 77, '2020-11-08 11:59:34', '生产领料成功，原料实例ID=2455, 批次=BC-2455-2862,领料数量=,250,工单ID=93, 工单名称=SC_20201012_0'),
	(2250, 77, '2020-11-08 11:59:34', '生产领料成功，原料实例ID=2455, 批次=BC-2455-2862,领料数量=,250,工单ID=93, 工单名称=SC_20201012_0'),
	(2251, 77, '2020-11-08 11:59:34', '生产领料成功，原料实例ID=2455, 批次=BC-2455-2862,领料数量=,250,工单ID=93, 工单名称=SC_20201012_0'),
	(2252, 77, '2020-11-08 12:00:02', '生产领料成功，原料实例ID=2455, 批次=BC-2455-2862,领料数量=,500,工单ID=93, 工单名称=SC_20201012_0'),
	(2253, 77, '2020-11-08 12:00:02', '生产领料成功，原料实例ID=2455, 批次=BC-2455-2862,领料数量=,500,工单ID=93, 工单名称=SC_20201012_0'),
	(2254, 77, '2020-11-08 12:00:03', '生产领料成功，原料实例ID=2455, 批次=BC-2455-2862,领料数量=,500,工单ID=93, 工单名称=SC_20201012_0'),
	(2255, 77, '2020-11-08 12:00:03', '生产领料成功，原料实例ID=2455, 批次=BC-2455-2862,领料数量=,500,工单ID=93, 工单名称=SC_20201012_0'),
	(2256, 77, '2020-11-08 12:01:59', '生产领料成功，原料实例ID=2455, 批次=BC-2455-2862,领料数量=,25,工单ID=93, 工单名称=SC_20201012_0'),
	(2257, 77, '2020-11-08 12:01:59', '生产领料成功，原料实例ID=2455, 批次=BC-2455-2862,领料数量=,25,工单ID=93, 工单名称=SC_20201012_0'),
	(2258, 77, '2020-11-08 12:01:59', '生产领料成功，原料实例ID=2455, 批次=BC-2455-2862,领料数量=,25,工单ID=93, 工单名称=SC_20201012_0'),
	(2259, 77, '2020-11-08 12:01:59', '生产领料成功，原料实例ID=2455, 批次=BC-2455-2862,领料数量=,25,工单ID=93, 工单名称=SC_20201012_0'),
	(2260, 77, '2020-11-08 12:02:11', '生产领料成功，原料实例ID=2455, 批次=BC-2455-2862,领料数量=,50,工单ID=93, 工单名称=SC_20201012_0'),
	(2261, 77, '2020-11-08 12:02:11', '生产领料成功，原料实例ID=2455, 批次=BC-2455-2862,领料数量=,50,工单ID=93, 工单名称=SC_20201012_0'),
	(2262, 77, '2020-11-08 12:02:11', '生产领料成功，原料实例ID=2455, 批次=BC-2455-2862,领料数量=,50,工单ID=93, 工单名称=SC_20201012_0'),
	(2263, 77, '2020-11-08 12:02:11', '生产领料成功，原料实例ID=2455, 批次=BC-2455-2862,领料数量=,50,工单ID=93, 工单名称=SC_20201012_0'),
	(2264, 77, '2020-11-08 12:04:46', '生产领料成功，原料实例ID=2455, 批次=BC-2455-2862,领料数量=,20,工单ID=93, 工单名称=SC_20201012_0'),
	(2265, 77, '2020-11-08 12:04:46', '生产领料成功，原料实例ID=2455, 批次=BC-2455-2862,领料数量=,20,工单ID=93, 工单名称=SC_20201012_0'),
	(2266, 77, '2020-11-08 12:04:47', '生产领料成功，原料实例ID=2455, 批次=BC-2455-2862,领料数量=,20,工单ID=93, 工单名称=SC_20201012_0'),
	(2267, 77, '2020-11-08 12:04:47', '生产领料成功，原料实例ID=2455, 批次=BC-2455-2862,领料数量=,20,工单ID=93, 工单名称=SC_20201012_0'),
	(2268, 77, '2020-11-08 12:04:47', '生产领料成功，原料实例ID=2455, 批次=BC-2455-2862,领料数量=,20,工单ID=93, 工单名称=SC_20201012_0'),
	(2269, 77, '2020-11-08 12:40:34', '生产领料成功，原料实例ID=2455, 批次=BC-2455-2862,领料数量=,600,工单ID=93, 工单名称=SC_20201012_0'),
	(2270, 77, '2020-11-08 12:40:34', '生产领料成功，原料实例ID=2455, 批次=BC-2455-2862,领料数量=,400,工单ID=93, 工单名称=SC_20201012_0'),
	(2271, 77, '2020-11-08 12:40:34', '生产领料成功，原料实例ID=2455, 批次=BC-2455-2862,领料数量=,600,工单ID=93, 工单名称=SC_20201012_0'),
	(2272, 77, '2020-11-08 12:40:34', '生产领料成功，原料实例ID=2455, 批次=BC-2455-2862,领料数量=,200,工单ID=93, 工单名称=SC_20201012_0'),
	(2273, 77, '2020-11-09 23:01:55', '生产领料成功，原料实例ID=2479, 批次=BC-2479-2893,领料数量=,2201,工订单ID=108, 领料单名称=_20201109_3'),
	(2274, 77, '2020-11-09 23:01:55', '生产领料成功，原料实例ID=2479, 批次=BC-2479-2893,领料数量=,2201,工订单ID=111, 领料单名称=_20201109_3'),
	(2275, 77, '2020-11-15 11:20:41', '退出系统'),
	(2276, 77, '2020-11-15 11:22:26', '退出系统'),
	(2277, 77, '2020-11-15 11:32:09', '退出系统'),
	(2278, 77, '2020-11-15 11:50:29', '退出系统'),
	(2279, 77, '2020-11-15 12:33:10', '退出系统'),
	(2280, 77, '2020-11-15 14:59:56', '退出系统'),
	(2281, 77, '2020-11-15 15:01:54', 'CG_20201115_0 approval success, the result is 待收货'),
	(2282, 77, '2020-11-15 15:02:06', 'CG_20200924_9 approval success, the result is 待收货'),
	(2283, 77, '2020-11-15 16:21:58', '提交采购订单CG_20201115_2'),
	(2284, 77, '2020-11-16 20:37:34', '生产领料成功，原料实例ID=2479, 批次=BC-2479-2893,领料数量=,2000,工订单ID=130, 领料单名称=L_20201109_5'),
	(2285, 77, '2020-11-20 20:32:11', '退出系统'),
	(2286, 77, '2020-11-21 11:01:31', '提交采购订单CG_20201121_0'),
	(2287, 85, '2020-11-21 11:02:48', '提交采购订单CG_20201121_1'),
	(2288, 85, '2020-11-21 11:23:09', '提交采购订单CG_20201121_2'),
	(2289, 85, '2020-11-21 11:23:49', '生产领料成功，原料实例ID=2481, 批次=BC-2481-2892,领料数量=,2201,工订单ID=108, 领料单名称=_20201109_3'),
	(2290, 85, '2020-11-21 11:23:49', '生产领料成功，原料实例ID=2481, 批次=BC-2481-2892,领料数量=,2201,工订单ID=111, 领料单名称=_20201109_3'),
	(2291, 77, '2020-11-21 15:09:57', '生产领料成功，原料实例ID=2455, 批次=BC-2455-2862,领料数量=,5500,工订单ID=144, 领料单名称=L_20201121_3'),
	(2292, 77, '2020-11-21 15:09:57', '生产领料成功，原料实例ID=2455, 批次=BC-2455-2862,领料数量=,5500,工订单ID=152, 领料单名称=L_20201121_3'),
	(2293, 77, '2020-11-21 15:09:57', '生产领料成功，原料实例ID=2455, 批次=BC-2455-2862,领料数量=,5500,工订单ID=174, 领料单名称=L_20201121_3'),
	(2294, 77, '2020-11-21 15:09:57', '生产领料成功，原料实例ID=2455, 批次=BC-2455-2862,领料数量=,5500,工订单ID=144, 领料单名称=L_20201121_3'),
	(2295, 77, '2020-11-21 15:09:57', '生产领料成功，原料实例ID=2455, 批次=BC-2455-2862,领料数量=,5500,工订单ID=152, 领料单名称=L_20201121_3'),
	(2296, 77, '2020-11-21 15:09:57', '生产领料成功，原料实例ID=2455, 批次=BC-2455-2862,领料数量=,5500,工订单ID=174, 领料单名称=L_20201121_3'),
	(2297, -1, '2020-11-21 15:41:54', '退出系统'),
	(2298, 77, '2020-11-22 17:24:19', '生产入库成功，产品实例ID=2638, 批次=BC-2638-2942,入库数量=,10000,工单ID=177'),
	(2299, 77, '2020-11-23 21:23:45', '退出系统'),
	(2300, 77, '2020-11-24 20:13:47', '退出系统'),
	(2301, -1, '2020-11-26 20:03:03', '退出系统'),
	(2302, -1, '2020-11-26 20:03:43', '退出系统'),
	(2303, 77, '2020-11-26 22:14:11', '退出系统'),
	(2304, 77, '2020-11-29 20:14:27', '原料入库成功，原料实例ID=2455, 批次=BC-2455-2945,入库数量=777'),
	(2305, 77, '2020-11-29 20:14:34', '原料入库成功，原料实例ID=2455, 批次=BC-2455-2946,入库数量=700'),
	(2306, 77, '2020-11-29 20:14:41', '原料入库成功，原料实例ID=2455, 批次=BC-2455-2947,入库数量=630'),
	(2307, 77, '2020-11-29 20:14:48', '原料入库成功，原料实例ID=2455, 批次=BC-2455-2948,入库数量=567'),
	(2308, 77, '2020-11-29 20:14:54', '原料入库成功，原料实例ID=2455, 批次=BC-2455-2949,入库数量=510'),
	(2309, 77, '2020-11-29 20:27:51', '生产领料成功，原料实例ID=2573, 批次=BC-2573-2898,领料数量=,220,工订单ID=108, 领料单名称=_20201109_3'),
	(2310, 77, '2020-11-29 20:27:52', '生产领料成功，原料实例ID=2573, 批次=BC-2573-2898,领料数量=,220,工订单ID=111, 领料单名称=_20201109_3'),
	(2311, 77, '2020-11-29 20:50:11', '生产入库成功，产品实例ID=2642, 批次=BC-2642-2950,入库数量=,1,工单ID=178'),
	(2312, 77, '2020-11-29 20:50:16', '生产入库成功，产品实例ID=2635, 批次=BC-2635-2951,入库数量=,2,工单ID=176'),
	(2313, 77, '2020-11-29 20:50:20', '生产入库成功，产品实例ID=2626, 批次=BC-2626-2952,入库数量=,1,工单ID=175'),
	(2314, 77, '2020-11-29 20:50:27', '生产入库成功，产品实例ID=2649, 批次=BC-2649-2953,入库数量=,888,工单ID=169'),
	(2315, 77, '2020-11-29 20:50:33', '生产入库成功，产品实例ID=2649, 批次=BC-2649-2954,入库数量=,8000,工单ID=169'),
	(2316, 77, '2020-11-29 20:51:36', '生产入库成功，产品实例ID=2562, 批次=BC-2562-2957,入库数量=,1,工单ID=106'),
	(2317, 77, '2020-11-29 20:51:43', '生产入库成功，产品实例ID=2562, 批次=BC-2562-2958,入库数量=,9110,工单ID=106'),
	(2318, 77, '2020-11-29 20:51:50', '生产入库成功，产品实例ID=2562, 批次=BC-2562-2959,入库数量=,8199,工单ID=106'),
	(2319, 77, '2020-11-29 20:51:58', '生产入库成功，产品实例ID=2620, 批次=BC-2620-2960,入库数量=,1,工单ID=174'),
	(2320, 77, '2020-11-29 20:52:11', '生产入库成功，产品实例ID=2440, 批次=BC-2440-2961,入库数量=,1201,工单ID=108'),
	(2321, 77, '2020-11-29 21:03:02', '修改产品单位信息'),
	(2322, 77, '2020-11-29 21:04:34', '退出系统'),
	(2323, 77, '2020-11-29 21:05:00', '退出系统'),
	(2324, 77, '2020-11-29 21:09:09', '退出系统'),
	(2325, 77, '2020-11-29 21:11:53', '退出系统'),
	(2326, -1, '2020-11-30 19:42:08', '退出系统'),
	(2327, 77, '2020-11-30 19:59:24', '退出系统'),
	(2328, 77, '2020-11-30 20:26:52', '审核订单SC_20201130_0结果为审核通过'),
	(2329, 77, '2020-11-30 20:27:51', '退出系统'),
	(2330, 77, '2020-11-30 20:48:22', '退出系统'),
	(2331, 77, '2020-11-30 21:16:55', '退出系统'),
	(2332, 77, '2020-11-30 21:19:42', '退出系统'),
	(2333, 77, '2020-11-30 21:20:32', '退出系统'),
	(2334, 77, '2020-11-30 21:22:33', '退出系统'),
	(2335, 77, '2020-11-30 21:22:58', '退出系统'),
	(2336, 77, '2020-11-30 21:23:41', '退出系统'),
	(2337, 77, '2020-11-30 21:46:42', '退出系统'),
	(2338, 77, '2020-11-30 22:10:13', '退出系统'),
	(2339, 77, '2020-11-30 22:12:12', '退出系统'),
	(2340, 77, '2020-12-01 03:19:39', '退出系统'),
	(2341, 77, '2020-12-01 03:26:37', '退出系统'),
	(2342, 77, '2020-12-01 03:31:19', '退出系统'),
	(2343, 77, '2020-12-01 03:35:25', '退出系统'),
	(2344, 77, '2020-12-01 03:44:53', '退出系统'),
	(2345, 77, '2020-12-01 03:47:21', '退出系统'),
	(2346, 77, '2020-12-01 04:10:12', '退出系统'),
	(2347, 77, '2020-12-01 04:10:52', '退出系统'),
	(2348, 77, '2020-12-01 20:40:22', '退出系统'),
	(2349, 77, '2020-12-01 21:23:19', '退出系统'),
	(2350, 77, '2020-12-02 19:38:06', '退出系统'),
	(2351, 77, '2020-12-02 21:18:09', '退出系统'),
	(2352, 77, '2020-12-06 09:33:17', '退出系统'),
	(2353, 77, '2020-12-06 10:53:43', '退出系统'),
	(2354, 77, '2020-12-06 11:32:11', '退出系统'),
	(2355, 77, '2020-12-06 12:12:06', '退出系统'),
	(2356, 77, '2020-12-06 12:14:59', '退出系统'),
	(2357, 77, '2020-12-06 12:19:07', '退出系统'),
	(2358, 77, '2020-12-06 12:29:02', '退出系统'),
	(2359, 77, '2020-12-06 12:30:43', '退出系统'),
	(2360, 77, '2020-12-06 19:25:40', '退出系统'),
	(2361, 77, '2020-12-06 19:29:28', '退出系统'),
	(2362, 77, '2020-12-06 19:30:18', '退出系统'),
	(2363, 77, '2020-12-06 19:49:52', '退出系统'),
	(2364, 77, '2020-12-06 19:54:02', '退出系统'),
	(2365, 77, '2020-12-06 19:54:59', '退出系统'),
	(2366, 77, '2020-12-06 19:56:27', '退出系统'),
	(2367, 77, '2020-12-06 19:58:05', '退出系统'),
	(2368, 77, '2020-12-06 19:59:12', '退出系统'),
	(2369, 77, '2020-12-06 20:01:18', '退出系统'),
	(2370, 77, '2021-01-25 23:02:45', '退出系统'),
	(2371, 77, '2020-01-01 12:04:36', '退出系统'),
	(2372, 77, '2021-04-18 12:03:10', '退出系统'),
	(2373, 77, '2021-05-02 07:38:37', '审核订单SC_20210502_0结果为审核通过'),
	(2374, 77, '2021-05-02 07:40:39', '退出系统'),
	(2375, 77, '2021-05-02 09:44:57', '生产入库成功，产品实例ID=2614, 批次=BC-2614-2962,入库数量=,2,工单ID=173'),
	(2376, 77, '2021-05-02 09:45:02', '生产入库成功，产品实例ID=2607, 批次=BC-2607-2963,入库数量=,2,工单ID=172'),
	(2377, 77, '2021-05-02 09:45:05', '生产入库成功，产品实例ID=2602, 批次=BC-2602-2964,入库数量=,1,工单ID=171'),
	(2378, 77, '2021-05-02 10:50:28', '退出系统'),
	(2379, 77, '2021-05-02 11:32:34', '退出系统'),
	(2380, 77, '2021-05-02 11:39:57', '退出系统'),
	(2381, 0, '2021-05-02 12:46:19', '退出系统'),
	(2382, 77, '2021-05-02 12:55:30', '退出系统'),
	(2383, 77, '2021-05-02 18:57:02', '退出系统'),
	(2384, 77, '2021-05-02 19:02:15', '退出系统'),
	(2385, 77, '2021-05-02 19:04:16', '退出系统'),
	(2386, 77, '2021-05-02 19:07:13', '退出系统'),
	(2387, 77, '2021-05-03 08:52:33', '退出系统'),
	(2388, 77, '2021-05-03 09:27:13', '修改产品附加属性信息'),
	(2389, 77, '2021-05-03 09:28:49', '退出系统'),
	(2390, 77, '2021-05-03 09:46:08', '退出系统'),
	(2391, 77, '2021-05-03 09:51:46', '退出系统'),
	(2392, 77, '2021-05-03 10:29:22', '退出系统'),
	(2393, 77, '2021-05-03 17:49:51', '退出系统'),
	(2394, 77, '2021-05-03 21:00:26', '退出系统'),
	(2395, 77, '2021-05-05 12:00:47', '退出系统'),
	(2396, 77, '2021-05-05 12:13:23', '退出系统'),
	(2397, 77, '2021-05-05 12:21:18', '退出系统'),
	(2398, 77, '2021-05-05 12:22:32', '退出系统'),
	(2399, 77, '2021-05-05 14:41:53', '退出系统'),
	(2400, 77, '2021-05-05 14:43:36', '退出系统'),
	(2401, 77, '2021-05-05 15:32:48', '退出系统'),
	(2402, 77, '2021-05-05 15:56:08', '退出系统'),
	(2403, 77, '2021-05-05 16:05:02', '退出系统'),
	(2404, 77, '2021-05-05 16:11:51', '退出系统'),
	(2405, 77, '2021-05-05 16:13:11', '退出系统'),
	(2406, 77, '2021-05-05 20:23:34', '退出系统'),
	(2407, 77, '2021-05-05 20:42:03', '退出系统'),
	(2408, 77, '2021-05-05 20:46:23', '退出系统'),
	(2409, 77, '2021-05-05 20:47:49', '退出系统'),
	(2410, 77, '2021-05-05 20:48:51', '退出系统'),
	(2411, 77, '2021-05-05 20:51:41', '退出系统'),
	(2412, 77, '2021-05-05 21:19:49', '退出系统'),
	(2413, 77, '2021-05-05 21:21:55', '退出系统'),
	(2414, 77, '2021-05-05 21:26:10', '审核通过的主题为sddsds的出差申请'),
	(2415, 77, '2021-05-05 21:26:22', '提交出差总结：sddsds'),
	(2416, 77, '2021-05-05 21:26:40', '退出系统'),
	(2417, 77, '2021-07-18 11:19:28', '退出系统'),
	(2418, 77, '2021-07-18 11:20:05', '退出系统'),
	(2419, 77, '2021-07-18 11:22:49', '退出系统'),
	(2420, 77, '2021-07-18 11:23:47', '退出系统'),
	(2421, 77, '2021-07-18 11:43:49', '退出系统'),
	(2422, 77, '2021-07-18 11:47:22', '退出系统'),
	(2423, 77, '2021-07-18 11:49:19', '退出系统'),
	(2424, 77, '2021-07-18 11:50:51', '退出系统'),
	(2425, 77, '2021-07-18 12:14:00', '退出系统'),
	(2426, 77, '2021-07-18 13:29:33', '退出系统'),
	(2427, 77, '2021-07-18 13:34:02', '退出系统'),
	(2428, 77, '2021-07-18 13:49:11', '退出系统'),
	(2429, 77, '2021-07-19 19:33:36', '退出系统'),
	(2430, 77, '2021-07-19 19:43:06', '退出系统'),
	(2431, 77, '2021-07-19 19:43:34', '退出系统'),
	(2432, 77, '2021-07-19 21:09:52', '退出系统'),
	(2433, 77, '2021-07-20 20:56:01', '退出系统'),
	(2434, 77, '2021-07-20 20:58:01', '退出系统'),
	(2435, 77, '2021-07-20 21:08:49', '退出系统'),
	(2436, 77, '2021-07-20 21:11:46', '退出系统'),
	(2437, 77, '2021-07-20 21:12:47', '退出系统'),
	(2438, 77, '2021-07-20 21:14:36', '退出系统'),
	(2439, 77, '2021-07-24 10:40:34', '退出系统'),
	(2440, 77, '2021-07-24 10:43:59', '退出系统'),
	(2441, 77, '2021-07-24 10:46:26', '退出系统'),
	(2442, 77, '2021-07-24 11:32:54', '退出系统'),
	(2443, 79, '2021-07-24 12:20:51', '退出系统'),
	(2444, 77, '2021-07-24 12:22:00', '退出系统'),
	(2445, 77, '2021-07-24 12:23:17', '退出系统'),
	(2446, 77, '2021-07-24 13:34:41', '退出系统'),
	(2447, 77, '2021-07-24 13:39:05', '退出系统'),
	(2448, 77, '2021-07-24 13:41:45', '退出系统'),
	(2449, 77, '2021-07-24 13:43:12', '退出系统'),
	(2450, 77, '2021-07-24 13:48:44', '退出系统'),
	(2451, 77, '2021-07-24 13:50:30', '退出系统'),
	(2452, 77, '2021-07-24 13:51:34', '退出系统'),
	(2453, 77, '2021-07-24 13:57:33', '退出系统'),
	(2454, 77, '2021-07-24 13:59:01', '退出系统'),
	(2455, 77, '2021-07-24 14:00:07', '退出系统'),
	(2456, 77, '2021-07-24 14:02:00', '退出系统'),
	(2457, 77, '2021-07-24 14:05:15', '退出系统'),
	(2458, 77, '2021-07-24 14:06:22', '退出系统'),
	(2459, 77, '2021-07-24 14:07:12', '退出系统'),
	(2460, 77, '2021-07-24 14:14:38', '退出系统'),
	(2461, 77, '2021-07-24 14:15:43', '退出系统'),
	(2462, 77, '2021-07-24 14:17:28', '退出系统'),
	(2463, 77, '2021-07-24 14:19:29', '退出系统'),
	(2464, 77, '2021-07-25 19:46:18', '退出系统'),
	(2465, 77, '2021-07-25 19:47:42', '退出系统'),
	(2466, 77, '2021-07-25 19:50:00', '退出系统'),
	(2467, 77, '2021-07-25 19:52:57', '退出系统'),
	(2468, 77, '2021-07-25 19:54:44', '修改仓库管理的权限'),
	(2469, 77, '2021-07-25 19:55:00', '修改人员角色信息'),
	(2470, 77, '2021-07-25 19:55:04', '修改人员角色信息'),
	(2471, 86, '2021-07-25 19:57:21', '退出系统'),
	(2472, -1, '2021-07-25 20:02:13', '退出系统'),
	(2473, 77, '2021-07-25 20:03:17', '修改仓库管理的权限'),
	(2474, 86, '2021-07-25 20:05:05', '退出系统'),
	(2475, 86, '2021-07-25 20:53:18', '退出系统'),
	(2476, 86, '2021-08-26 20:13:47', '退出系统'),
	(2477, 86, '2021-08-26 20:17:05', '退出系统'),
	(2478, 86, '2021-08-26 20:22:05', '退出系统'),
	(2479, 77, '2021-09-08 20:01:36', '退出系统'),
	(2480, 77, '2021-09-09 04:58:42', '退出系统'),
	(2481, 77, '2021-09-09 05:24:28', '退出系统'),
	(2482, 77, '2021-09-09 05:44:17', '退出系统'),
	(2483, 77, '2021-09-10 21:56:11', '退出系统'),
	(2484, 77, '2021-09-10 22:01:35', '退出系统'),
	(2485, 77, '2021-09-10 22:37:00', '退出系统'),
	(2486, 77, '2021-09-10 22:39:26', '退出系统'),
	(2487, 0, '2021-10-05 15:39:47', '退出系统'),
	(2488, 77, '2021-10-05 15:40:58', '退出系统'),
	(2489, 77, '2021-11-28 12:44:29', '退出系统'),
	(2490, 77, '2021-11-28 12:49:25', '退出系统'),
	(2491, 77, '2021-11-28 12:52:49', '退出系统'),
	(2492, 77, '2021-11-28 22:13:10', '退出系统'),
	(2493, 77, '2021-11-28 22:14:41', '退出系统'),
	(2494, 77, '2021-11-29 05:03:35', '退出系统'),
	(2495, 77, '2021-11-29 05:05:29', '退出系统'),
	(2496, 77, '2021-11-29 05:11:56', '退出系统'),
	(2497, 77, '2021-11-29 05:13:19', '退出系统'),
	(2498, 77, '2021-11-29 05:16:16', '退出系统'),
	(2499, 77, '2022-03-09 20:52:22', '退出系统'),
	(2500, 77, '2022-03-11 21:12:02', '退出系统'),
	(2501, 77, '2022-03-15 20:36:25', '退出系统'),
	(2502, 99, '2022-03-25 09:03:39', 'this is a test'),
	(2503, 99, '2022-03-25 09:04:56', 'this is a test'),
	(2504, 99, '2022-03-25 09:06:02', 'this is a test'),
	(2505, 99, '2022-03-25 09:07:24', 'this is a test'),
	(2506, 99, '2022-03-25 09:07:37', 'this is a test'),
	(2507, 99, '2022-03-25 09:14:07', 'this is a test'),
	(2508, 99, '2022-03-25 09:16:49', 'this is a test'),
	(2509, 99, '2022-03-25 10:24:48', 'this is a test'),
	(2510, 99, '2022-03-25 10:25:12', 'this is a test'),
	(2511, 99, '2022-03-25 10:26:47', 'this is a test'),
	(2512, 99, '2022-03-25 14:03:03', 'this is a test'),
	(2513, 1, '2022-03-28 11:31:01', '订单1审核通过，审核信息为赶紧让对方发货'),
	(2514, 1, '2022-03-28 11:31:59', '订单[1]审核通过，审核信息为[赶紧让对方发货]'),
	(2515, 1, '2022-03-28 12:06:15', '修改采购订单,价格12->22,订货量1000->900'),
	(2516, 1, '2022-03-28 16:40:16', '删除采购订单2/PC_20220328110916_392534'),
	(2517, 1, '2022-03-28 16:41:04', '创建采购订单PC_20220328164104_730251'),
	(2518, 1, '2022-03-28 17:14:02', '支付采购订单1/PC_20220328110710_119312，金额9999.00');
/*!40000 ALTER TABLE `t_logs` ENABLE KEYS */;


-- 导出  表 tk_huawei.t_of 结构
DROP TABLE IF EXISTS `t_of`;
CREATE TABLE IF NOT EXISTS `t_of` (
  `id` bigint(20) NOT NULL AUTO_INCREMENT,
  `cust_id` bigint(20) NOT NULL,
  `dt` timestamp NOT NULL DEFAULT CURRENT_TIMESTAMP COMMENT '询价时间',
  `finish_dt` timestamp NULL DEFAULT NULL COMMENT '计划完成时间',
  `em` bigint(20) NOT NULL,
  `status` varchar(32) DEFAULT NULL COMMENT '询价单状态',
  `remark` text,
  PRIMARY KEY (`id`)
) ENGINE=InnoDB AUTO_INCREMENT=31 DEFAULT CHARSET=utf8 COMMENT='offer';

-- 正在导出表  tk_huawei.t_of 的数据：~18 rows (大约)
DELETE FROM `t_of`;
/*!40000 ALTER TABLE `t_of` DISABLE KEYS */;
INSERT INTO `t_of` (`id`, `cust_id`, `dt`, `finish_dt`, `em`, `status`, `remark`) VALUES
	(13, 866, '2020-08-12 00:00:00', '2020-09-11 00:00:00', 87, '已转销售', '演示数据'),
	(14, 866, '2020-08-12 00:00:00', '2020-09-11 00:00:00', 87, '草稿', '演示数据'),
	(15, 876, '2020-08-12 00:00:00', '2020-09-11 00:00:00', 89, '已转销售', 'dsds'),
	(16, 876, '2020-08-14 00:00:00', '2020-09-13 00:00:00', 89, '已转销售', 'vcvcvc'),
	(17, 869, '2020-08-21 00:00:00', '2020-09-20 00:00:00', 85, '已转销售', '测试数据'),
	(18, 833, '2020-08-21 00:00:00', '2020-09-20 00:00:00', 85, '已提交', 'ddddd'),
	(19, 869, '2020-08-26 00:00:00', '2020-09-25 00:00:00', 85, '已提交', 'sss'),
	(20, 875, '2020-08-28 00:00:00', '2020-09-27 00:00:00', 85, '已转销售', 'sss'),
	(21, 874, '2020-09-16 00:00:00', '2020-10-16 00:00:00', 85, '已转销售', 'ssss'),
	(22, 875, '2020-09-16 00:00:00', '2020-10-16 00:00:00', 85, '草稿', 'sssss'),
	(23, 874, '2020-09-16 00:00:00', '2020-10-16 00:00:00', 80, '草稿', 'ssssss'),
	(24, 873, '2020-09-16 00:00:00', '2020-10-16 00:00:00', 82, '草稿', 'ssss'),
	(25, 869, '2020-09-16 00:00:00', '2020-10-16 00:00:00', 78, '草稿', 'sssss'),
	(26, 869, '2020-09-16 00:00:00', '2020-10-16 00:00:00', 85, '草稿', 'ddfdfd'),
	(27, 833, '2020-09-16 00:00:00', '2020-10-16 00:00:00', 85, '已转销售', 'jjjjjj'),
	(28, 875, '2020-10-12 00:00:00', '2020-11-11 00:00:00', 80, '已转销售', 'sssss'),
	(29, 875, '2020-10-12 00:00:00', '2020-11-11 00:00:00', 85, '已转销售', 'ssssssssssss'),
	(30, 833, '2020-10-12 00:00:00', '2020-11-11 00:00:00', 85, '已转销售', 'sssss');
/*!40000 ALTER TABLE `t_of` ENABLE KEYS */;


-- 导出  表 tk_huawei.t_of_detail 结构
DROP TABLE IF EXISTS `t_of_detail`;
CREATE TABLE IF NOT EXISTS `t_of_detail` (
  `id` bigint(20) NOT NULL AUTO_INCREMENT,
  `of_id` bigint(20) NOT NULL,
  `gd_id` bigint(20) NOT NULL,
  `price` decimal(20,3) NOT NULL,
  `count` decimal(20,3) NOT NULL,
  `remark` text,
  PRIMARY KEY (`id`)
) ENGINE=InnoDB AUTO_INCREMENT=61 DEFAULT CHARSET=utf8;

-- 正在导出表  tk_huawei.t_of_detail 的数据：~21 rows (大约)
DELETE FROM `t_of_detail`;
/*!40000 ALTER TABLE `t_of_detail` DISABLE KEYS */;
INSERT INTO `t_of_detail` (`id`, `of_id`, `gd_id`, `price`, `count`, `remark`) VALUES
	(40, 13, 2204, 44.000, 1000.000, NULL),
	(41, 13, 2221, 22.000, 3333.000, NULL),
	(42, 13, 2219, 200.000, 5555.000, NULL),
	(43, 13, 2217, 55.000, 6666.000, NULL),
	(44, 15, 2212, 33.000, 13333.000, 'zsdfdsf'),
	(45, 16, 2212, 44.000, 77777.000, 'ggggg'),
	(46, 18, 2229, 100.000, 1000.000, '不要被覆层'),
	(47, 18, 2209, 23.000, 8800.000, '加两个垫片哈'),
	(48, 17, 2209, 66.000, 1000.000, ''),
	(49, 17, 2224, 35.000, 2000.000, ''),
	(50, 17, 2229, 55.000, 1000.000, ''),
	(51, 19, 2209, 1.000, 666.000, ''),
	(52, 19, 2238, 1.000, 1.000, ''),
	(53, 20, 2205, 22.000, 22222.000, 'ddd'),
	(54, 20, 2222, 2222.000, 222.000, '22'),
	(55, 21, 2222, 22.000, 17777.000, 'gggg'),
	(56, 27, 2223, 1.000, 1.000, ''),
	(57, 30, 2206, 122.000, 66666.000, 'ddddd'),
	(58, 30, 2234, 22.000, 166666.000, 'ddddd'),
	(59, 29, 2230, 133.000, 17777.000, ''),
	(60, 28, 2221, 555.000, 67777777.000, 'ddddd');
/*!40000 ALTER TABLE `t_of_detail` ENABLE KEYS */;


-- 导出  表 tk_huawei.t_pc 结构
DROP TABLE IF EXISTS `t_pc`;
CREATE TABLE IF NOT EXISTS `t_pc` (
  `id` bigint(20) NOT NULL AUTO_INCREMENT,
  `name` varchar(36) NOT NULL,
  `gd_id` bigint(20) NOT NULL,
  `em_id` bigint(20) NOT NULL,
  `sp_id` bigint(20) NOT NULL,
  `price` decimal(20,3) NOT NULL,
  `count` decimal(20,3) NOT NULL,
  `rec_count` decimal(20,3) NOT NULL DEFAULT '0.000' COMMENT '到货数量',
  `to_pay_amount` decimal(20,3) NOT NULL DEFAULT '0.000' COMMENT '待支付金额',
  `paid_amount` decimal(20,3) NOT NULL DEFAULT '0.000' COMMENT '已支付金额',
  `status` varchar(30) NOT NULL DEFAULT '待审核' COMMENT '订单状态',
  `dt` timestamp NOT NULL DEFAULT CURRENT_TIMESTAMP,
  `remark` text,
  `return_count` decimal(20,3) DEFAULT '0.000' COMMENT '退货数量',
  `audit_comments` text,
  `pay_status` varchar(20) DEFAULT NULL COMMENT '支付状态',
  `invoice_count` decimal(20,3) NOT NULL DEFAULT '0.000' COMMENT '开票金额',
  PRIMARY KEY (`id`)
) ENGINE=InnoDB AUTO_INCREMENT=4 DEFAULT CHARSET=utf8 COMMENT='purchase';

-- 正在导出表  tk_huawei.t_pc 的数据：~2 rows (大约)
DELETE FROM `t_pc`;
/*!40000 ALTER TABLE `t_pc` DISABLE KEYS */;
INSERT INTO `t_pc` (`id`, `name`, `gd_id`, `em_id`, `sp_id`, `price`, `count`, `rec_count`, `to_pay_amount`, `paid_amount`, `status`, `dt`, `remark`, `return_count`, `audit_comments`, `pay_status`, `invoice_count`) VALUES
	(1, 'PC_20220328110710_119312', 2132, 1, 567, 12.340, 1000.000, 0.000, 12340.000, 9999.000, '待收货', '2022-03-28 11:07:10', 'this is a test', 0.000, '赶紧让对方发货', '完成', 0.000),
	(3, 'PC_20220328164104_730251', 2132, 1, 567, 200.000, 5000.000, 0.000, 1000000.000, 0.000, '待审核', '2022-03-28 16:41:04', 'this is a test', 0.000, NULL, '待审核', 0.000);
/*!40000 ALTER TABLE `t_pc` ENABLE KEYS */;


-- 导出  表 tk_huawei.t_pc_pay 结构
DROP TABLE IF EXISTS `t_pc_pay`;
CREATE TABLE IF NOT EXISTS `t_pc_pay` (
  `id` bigint(20) NOT NULL AUTO_INCREMENT,
  `pc_id` bigint(20) NOT NULL,
  `amount` decimal(20,3) unsigned zerofill NOT NULL DEFAULT '00000000000000000.000' COMMENT '支付金额',
  `em_id` bigint(20) NOT NULL,
  `dt` timestamp NOT NULL DEFAULT CURRENT_TIMESTAMP,
  `remark` text COLLATE utf8_unicode_ci NOT NULL,
  PRIMARY KEY (`id`)
) ENGINE=InnoDB AUTO_INCREMENT=2 DEFAULT CHARSET=utf8 COLLATE=utf8_unicode_ci COMMENT='采购订单支付明细';

-- 正在导出表  tk_huawei.t_pc_pay 的数据：~1 rows (大约)
DELETE FROM `t_pc_pay`;
/*!40000 ALTER TABLE `t_pc_pay` DISABLE KEYS */;
INSERT INTO `t_pc_pay` (`id`, `pc_id`, `amount`, `em_id`, `dt`, `remark`) VALUES
	(1, 1, 00000000000009999.000, 1, '2022-03-28 17:14:02', '');
/*!40000 ALTER TABLE `t_pc_pay` ENABLE KEYS */;


-- 导出  表 tk_huawei.t_pc_return 结构
DROP TABLE IF EXISTS `t_pc_return`;
CREATE TABLE IF NOT EXISTS `t_pc_return` (
  `id` bigint(20) NOT NULL AUTO_INCREMENT,
  `pc_id` bigint(20) NOT NULL,
  `em_id` bigint(20) NOT NULL,
  `count` decimal(20,3) NOT NULL,
  `dt` timestamp NOT NULL DEFAULT CURRENT_TIMESTAMP,
  `type` varchar(50) NOT NULL,
  `remark` text,
  `barcode` varchar(50) DEFAULT NULL,
  PRIMARY KEY (`id`)
) ENGINE=InnoDB AUTO_INCREMENT=36 DEFAULT CHARSET=utf8;

-- 正在导出表  tk_huawei.t_pc_return 的数据：~1 rows (大约)
DELETE FROM `t_pc_return`;
/*!40000 ALTER TABLE `t_pc_return` DISABLE KEYS */;
INSERT INTO `t_pc_return` (`id`, `pc_id`, `em_id`, `count`, `dt`, `type`, `remark`, `barcode`) VALUES
	(35, 227, 77, 11.000, '2020-08-10 01:34:14', '质量低下', NULL, 'BC-2424-2858');
/*!40000 ALTER TABLE `t_pc_return` ENABLE KEYS */;


-- 导出  表 tk_huawei.t_prod_plan 结构
DROP TABLE IF EXISTS `t_prod_plan`;
CREATE TABLE IF NOT EXISTS `t_prod_plan` (
  `id` bigint(20) NOT NULL AUTO_INCREMENT,
  `name` varchar(36) NOT NULL,
  `dt` timestamp NOT NULL DEFAULT CURRENT_TIMESTAMP,
  `finish_dt` timestamp NULL DEFAULT NULL COMMENT '计划完成时间',
  `finished_dt` timestamp NULL DEFAULT NULL COMMENT '实际完成时间',
  `remark` text NOT NULL,
  `status` varchar(32) NOT NULL,
  `em_id` bigint(20) NOT NULL,
  `audit_comments` text,
  PRIMARY KEY (`id`)
) ENGINE=InnoDB AUTO_INCREMENT=96 DEFAULT CHARSET=utf8;

-- 正在导出表  tk_huawei.t_prod_plan 的数据：~32 rows (大约)
DELETE FROM `t_prod_plan`;
/*!40000 ALTER TABLE `t_prod_plan` DISABLE KEYS */;
INSERT INTO `t_prod_plan` (`id`, `name`, `dt`, `finish_dt`, `finished_dt`, `remark`, `status`, `em_id`, `audit_comments`) VALUES
	(55, 'SC_20200810_3', '2020-08-10 01:26:07', NULL, '2020-08-20 00:00:00', '批量备货', '完成', 77, NULL),
	(56, 'SC_20200810_4', '2020-08-10 01:29:03', NULL, '2020-08-10 00:00:00', 'SC_20200810_3实际入库数超过了计划入库数，系统自动增加此工单', '完成', 80, NULL),
	(57, 'SC_20200811_7', '2020-08-11 19:54:17', NULL, '2020-08-21 00:00:00', '批量备货', '完成', 87, NULL),
	(58, 'SC_20200811_8', '2020-08-11 19:55:21', NULL, '2020-09-10 00:00:00', '测试数据', '完成', 87, NULL),
	(59, 'SC_20200811_10', '2020-08-11 21:15:50', NULL, '2020-08-11 00:00:00', 'SC_20200811_8实际入库数超过了计划入库数，系统自动增加此工单', '完成', 87, NULL),
	(60, 'SC_20200811_11', '2020-08-11 21:16:01', NULL, '2020-08-11 00:00:00', 'SC_20200811_8实际入库数超过了计划入库数，系统自动增加此工单', '完成', 87, NULL),
	(61, 'SC_20200811_12', '2020-08-11 21:16:26', NULL, '2020-08-11 00:00:00', 'SC_20200811_7实际入库数超过了计划入库数，系统自动增加此工单', '完成', 87, NULL),
	(62, 'SC_20200811_13', '2020-08-11 21:17:30', NULL, '2020-09-09 00:00:00', '该产品库存已经低于库存告警阈值，需要备货', '完成', 87, NULL),
	(63, 'SC_20200811_14', '2020-08-11 21:17:50', NULL, '2020-09-08 00:00:00', '该产品库存已经低于库存告警阈值，需要备货', '完成', 87, NULL),
	(64, 'SC_20200811_15', '2020-08-11 21:18:24', NULL, '2020-09-07 00:00:00', '该产品库存已经低于库存告警阈值，需要备货', '完成', 87, NULL),
	(65, 'SC_20200812_4', '2020-08-12 10:15:35', NULL, '2020-08-22 00:00:00', '批量备货', '完成', 87, NULL),
	(67, 'SC_20200814_3', '2020-08-14 08:40:29', NULL, '2020-09-09 00:00:00', '大大大大大大的', '待领料', 89, NULL),
	(68, 'SC_20200814_8', '2020-08-14 09:07:47', NULL, '2020-09-09 00:00:00', 'aaaaaaaaaaaaaaaaaaa', '生产中', 89, NULL),
	(69, 'SC_20200814_12', '2020-08-14 17:11:50', NULL, '2020-08-24 00:00:00', '批量备货', '生产中', 89, NULL),
	(70, 'SC_20200814_13', '2020-08-14 18:12:41', NULL, '2020-09-09 00:00:00', '该产品库存已经低于库存告警阈值，需要备货', '完成', 89, NULL),
	(71, 'SC_20200818_0', '2020-08-18 15:38:46', NULL, '2020-08-18 00:00:00', 'SC_20200812_4实际入库数超过了计划入库数，系统自动增加此工单', '完成', 79, NULL),
	(72, 'SC_20200818_1', '2020-08-18 15:39:08', NULL, '2020-08-18 00:00:00', 'SC_20200811_15实际入库数超过了计划入库数，系统自动增加此工单', '完成', 79, NULL),
	(73, 'SC_20200818_2', '2020-08-18 17:01:47', NULL, '2020-09-12 00:00:00', '', '生产中', 81, NULL),
	(74, 'SC_20200818_12', '2020-08-18 19:15:35', NULL, '2020-09-11 00:00:00', '', '待领料', 81, NULL),
	(79, 'SC_20200825_7', '2020-08-25 19:06:52', NULL, '2020-09-16 00:00:00', '', '待领料', 85, NULL),
	(80, 'SC_20200825_8', '2020-08-25 19:07:09', NULL, '2020-09-04 00:00:00', '批量备货', '生产中', 85, NULL),
	(81, 'SC_20200826_21', '2020-08-26 16:47:35', NULL, '2020-09-16 00:00:00', 'dddd', '待审核', 85, NULL),
	(82, 'SC_20210704_1', '2021-07-04 00:00:00', NULL, '2021-07-19 00:00:00', 'sdddddddddddddddddddd', '待审核', 85, NULL),
	(83, 'SC_20200904_3', '2020-09-04 12:17:32', NULL, '2020-09-14 00:00:00', '根据销售订单自动发起备货订单', '生产中', 85, NULL),
	(84, 'SC_20200904_4', '2020-09-04 12:31:46', NULL, '2020-09-14 00:00:00', '根据销售订单自动发起备货订单', '生产中', 85, NULL),
	(85, 'SC_20200904_5', '2020-09-04 13:01:36', NULL, '2020-09-14 00:00:00', '根据销售订单自动发起备货订单', '待领料', 85, NULL),
	(86, 'SC_20200906_0', '2020-09-06 12:45:22', NULL, '2020-09-16 00:00:00', '根据销售订单自动发起备货订单', '待领料', 85, NULL),
	(87, 'SC_20200916_0', '2020-09-16 12:26:09', NULL, '2020-10-05 00:00:00', 'ddddddd', '待领料', 85, NULL),
	(92, 'SC_20200924_11', '2020-09-24 15:57:01', NULL, '2020-10-09 00:00:00', '该产品库存已经低于库存告警阈值，需要备货', '完成', 85, NULL),
	(93, 'SC_20201012_0', '2020-10-12 21:44:53', NULL, '2020-10-22 00:00:00', '根据销售订单自动发起备货订单', '生产中', 85, NULL),
	(94, 'SC_20201130_0', '2020-11-30 20:26:32', NULL, '2020-12-10 00:00:00', '根据销售订单自动发起备货订单', '待领料', 77, NULL),
	(95, 'SC_20210502_0', '2021-05-02 07:38:06', NULL, '2021-05-16 00:00:00', '', '待领料', 77, NULL);
/*!40000 ALTER TABLE `t_prod_plan` ENABLE KEYS */;


-- 导出  表 tk_huawei.t_prod_sub_plan 结构
DROP TABLE IF EXISTS `t_prod_sub_plan`;
CREATE TABLE IF NOT EXISTS `t_prod_sub_plan` (
  `id` bigint(20) NOT NULL AUTO_INCREMENT,
  `plan_id` bigint(20) NOT NULL,
  `gd_id` bigint(20) NOT NULL,
  `gd_inst_id` bigint(20) NOT NULL,
  `amount` decimal(20,3) NOT NULL,
  `act_amount` decimal(20,3) DEFAULT NULL,
  `status` varchar(20) DEFAULT NULL,
  `remark` text,
  PRIMARY KEY (`id`)
) ENGINE=InnoDB AUTO_INCREMENT=185 DEFAULT CHARSET=utf8;

-- 正在导出表  tk_huawei.t_prod_sub_plan 的数据：~85 rows (大约)
DELETE FROM `t_prod_sub_plan`;
/*!40000 ALTER TABLE `t_prod_sub_plan` DISABLE KEYS */;
INSERT INTO `t_prod_sub_plan` (`id`, `plan_id`, `gd_id`, `gd_inst_id`, `amount`, `act_amount`, `status`, `remark`) VALUES
	(82, 55, 2201, 2425, 9999.000, 9999.000, '完成', NULL),
	(83, 55, 2219, 2426, 8888.000, 8888.000, '完成', NULL),
	(84, 56, 2201, 2425, 90001.000, 90001.000, '完成', NULL),
	(85, 57, 2204, 2440, 1000.000, 1000.000, '完成', NULL),
	(86, 57, 2213, 2449, 9000.000, 9000.000, '完成', NULL),
	(87, 58, 2204, 2442, 8000.000, 8000.000, '完成', NULL),
	(88, 58, 2214, 2454, 88867.000, 88867.000, '完成', NULL),
	(89, 59, 2214, 2454, 13.000, 13.000, '完成', NULL),
	(90, 60, 2204, 2442, 8.000, 8.000, '完成', NULL),
	(91, 61, 2204, 2440, 400.000, 400.000, '完成', NULL),
	(92, 62, 2219, 2426, 1985.000, 1985.000, '完成', NULL),
	(93, 63, 2213, 2449, 1890.000, 1890.000, '完成', NULL),
	(94, 64, 2204, 2440, 1201.000, 1201.000, '完成', NULL),
	(95, 65, 2219, 2426, 4000.000, 3000.000, '完成', NULL),
	(96, 65, 2201, 2432, 3000.000, 3000.000, '完成', NULL),
	(97, 65, 2225, 2436, 10000.000, 10000.000, '完成', NULL),
	(98, 65, 2221, 2456, 5000.000, 5000.000, '完成', NULL),
	(99, 65, 2217, 2457, 8000.000, 8000.000, '完成', NULL),
	(101, 67, 2211, 2566, 1.000, 0.000, '待领料', ''),
	(102, 68, 2211, 2566, 1.000, 0.000, '待领料', ''),
	(103, 68, 2217, 2461, 1.000, 0.000, '生产中', ''),
	(104, 69, 2213, 2446, 100.000, 0.000, '待领料', ''),
	(105, 69, 2229, 2553, 4333.000, 0.000, '待领料', ''),
	(106, 69, 2212, 2562, 91110.000, 17310.000, '生产中', ''),
	(107, 69, 2209, 2565, 10000.000, 10000.000, '完成', ''),
	(108, 70, 2204, 2440, 1201.000, 1201.000, '完成', ''),
	(109, 71, 2201, 2432, 2000.000, 2000.000, '完成', ''),
	(110, 72, 2204, 2440, 689.000, 689.000, '完成', ''),
	(111, 73, 2204, 2440, 1000.000, 0.000, '生产中', ''),
	(112, 74, 2224, 2460, 1000.000, 0.000, '待领料', 'ddff'),
	(113, 74, 2215, 2458, 1000.000, 0.000, '待领料', 'dfssddssdds'),
	(127, 79, 2215, 2622, 12222.000, 0.000, '待领料', '22222'),
	(128, 80, 2219, 2426, 555.000, 0.000, '待领料', ''),
	(129, 80, 2226, 2453, 222.000, 0.000, '待领料', ''),
	(130, 80, 2224, 2460, 1000.000, 0.000, '生产中', ''),
	(131, 80, 2229, 2553, 2300.000, 0.000, '待领料', ''),
	(132, 80, 2209, 2565, 1000.000, 0.000, '待领料', ''),
	(133, 80, 2223, 2569, 1.000, 0.000, '待领料', ''),
	(134, 80, 2231, 2594, 10000.000, 0.000, '待领料', ''),
	(135, 81, 2238, 2635, 166.000, 0.000, '待审核', ''),
	(136, 82, 2224, 2460, 2222.000, 0.000, '待审核', 'dddd'),
	(137, 82, 2229, 2626, 8888.000, 0.000, '待审核', 'd'),
	(138, 82, 2214, 2611, 7777.000, 0.000, '待审核', ''),
	(139, 83, 2212, 2562, 1.000, 0.000, '待领料', ''),
	(140, 83, 2209, 2565, 1.000, 0.000, '待领料', ''),
	(141, 83, 2230, 2602, 1.000, 0.000, '待领料', ''),
	(142, 83, 2233, 2607, 2.000, 0.000, '待领料', ''),
	(143, 83, 2211, 2614, 2.000, 0.000, '待领料', ''),
	(144, 83, 2218, 2620, 1.000, 0.000, '生产中', ''),
	(145, 83, 2229, 2626, 1.000, 0.000, '待领料', ''),
	(146, 83, 2238, 2635, 2.000, 0.000, '待领料', ''),
	(147, 84, 2212, 2562, 1.000, 0.000, '待领料', ''),
	(148, 84, 2209, 2565, 1.000, 0.000, '待领料', ''),
	(149, 84, 2230, 2602, 1.000, 0.000, '待领料', ''),
	(150, 84, 2233, 2607, 2.000, 0.000, '待领料', ''),
	(151, 84, 2211, 2614, 2.000, 0.000, '待领料', ''),
	(152, 84, 2218, 2620, 1.000, 0.000, '生产中', ''),
	(153, 84, 2229, 2626, 1.000, 0.000, '待领料', ''),
	(154, 84, 2238, 2635, 2.000, 0.000, '待领料', ''),
	(155, 85, 2212, 2562, 88.000, 0.000, '待领料', ''),
	(156, 85, 2209, 2565, 99.000, 0.000, '待领料', ''),
	(157, 85, 2230, 2602, 111.000, 0.000, '待领料', ''),
	(158, 85, 2233, 2607, 323.000, 0.000, '待领料', ''),
	(159, 85, 2211, 2614, 666.000, 0.000, '待领料', ''),
	(160, 85, 2218, 2620, 9999.000, 0.000, '待领料', ''),
	(161, 85, 2229, 2626, 9999.000, 0.000, '待领料', ''),
	(162, 85, 2238, 2635, 8888.000, 0.000, '待领料', ''),
	(163, 86, 2241, 2638, 10000.000, 0.000, '待领料', ''),
	(164, 87, 2201, 2641, 1.000, 0.000, '待领料', 'dddd'),
	(169, 92, 2238, 2649, 8888.000, 8888.000, '完成', ''),
	(170, 93, 2212, 2562, 1.000, 0.000, '生产中', ''),
	(171, 93, 2230, 2602, 1.000, 1.000, '完成', ''),
	(172, 93, 2233, 2607, 2.000, 2.000, '完成', ''),
	(173, 93, 2211, 2614, 2.000, 2.000, '完成', ''),
	(174, 93, 2218, 2620, 1.000, 1.000, '完成', ''),
	(175, 93, 2229, 2626, 1.000, 1.000, '完成', ''),
	(176, 93, 2238, 2635, 2.000, 2.000, '完成', ''),
	(177, 93, 2241, 2638, 10000.000, 10000.000, '完成', ''),
	(178, 93, 2222, 2642, 1.000, 1.000, '完成', ''),
	(179, 94, 2230, 2602, 1.000, 0.000, '待领料', ''),
	(180, 94, 2233, 2607, 2.000, 0.000, '待领料', ''),
	(181, 94, 2234, 2609, 166666.000, 0.000, '待领料', ''),
	(182, 94, 2211, 2614, 2.000, 0.000, '待领料', ''),
	(183, 94, 2206, 2643, 66666.000, 0.000, '待领料', ''),
	(184, 95, 2214, 2651, 199.000, 0.000, '待领料', '');
/*!40000 ALTER TABLE `t_prod_sub_plan` ENABLE KEYS */;


-- 导出  表 tk_huawei.t_roler 结构
DROP TABLE IF EXISTS `t_roler`;
CREATE TABLE IF NOT EXISTS `t_roler` (
  `id` bigint(20) NOT NULL AUTO_INCREMENT,
  `name` varchar(64) NOT NULL,
  `rights` varchar(1024) DEFAULT '',
  `remark` text,
  PRIMARY KEY (`id`),
  UNIQUE KEY `name` (`name`)
) ENGINE=InnoDB AUTO_INCREMENT=16 DEFAULT CHARSET=utf8;

-- 正在导出表  tk_huawei.t_roler 的数据：~13 rows (大约)
DELETE FROM `t_roler`;
/*!40000 ALTER TABLE `t_roler` DISABLE KEYS */;
INSERT INTO `t_roler` (`id`, `name`, `rights`, `remark`) VALUES
	(1, '超级用户', '0', '拥有所有权限'),
	(2, '仓库管理', '111111111111111111111111111101111111111011111111111111111111111110001111', '基本信息维护、库存盘点、条码管理、客户退货、采购退货'),
	(3, '订单下发', '00010010001000000000000', '销售下单、采购下单'),
	(4, '订单审核', '000000010001000000000000000000000000000000000000000000000000000000000000', '审核采购订单、审核销售订单'),
	(5, '财务', '111111111111111111111111111111111111111111111111111111111111111111111111', '查看报表、采购付款、查看各种报表'),
	(6, '生产', '110000000000000000000000000000000000000000000000000000000000000000000000', '下发备货订单、审核备货订单、组织生产、生产领料、产品入库、原料退库'),
	(8, '销售', '0000000000000000000000000000011110111110000000000000000000000000000000100', '销售人员，对软件无操作权限'),
	(9, '采购', '100000000010000001000000001000000000000010000000100000000001100010001000', '采购人员，对软件无操作权限'),
	(10, '客服', '00000000000000001111000', NULL),
	(11, '人事', '0', NULL),
	(12, '基础角色', '11111111111111111111111111111111111111111111111111111111111111111111', NULL),
	(13, 'tttt', '111111111111111111111111111111111111110111111111111111111111000011101111', NULL),
	(15, '收发货', '000000000000000000000000000000000000000000000000000000000000000000000000000000000000000000000000000000000000000000000000000000000000000000000000000000000000000000000000000000000000000', NULL);
/*!40000 ALTER TABLE `t_roler` ENABLE KEYS */;


-- 导出  表 tk_huawei.t_so 结构
DROP TABLE IF EXISTS `t_so`;
CREATE TABLE IF NOT EXISTS `t_so` (
  `id` bigint(20) NOT NULL AUTO_INCREMENT,
  `name` varchar(36) NOT NULL,
  `dt` timestamp NOT NULL DEFAULT CURRENT_TIMESTAMP,
  `finish_time` timestamp NULL DEFAULT NULL COMMENT '要求交付日期',
  `finished_time` timestamp NULL DEFAULT NULL COMMENT '实际交付日期',
  `status` varchar(16) NOT NULL,
  `em_id` bigint(20) NOT NULL,
  `cust_id` bigint(20) NOT NULL,
  `audit_comments` text COMMENT '审核信息',
  `remark` text COMMENT '备注',
  PRIMARY KEY (`id`)
) ENGINE=InnoDB AUTO_INCREMENT=256 DEFAULT CHARSET=utf8 COMMENT='销售订单';

-- 正在导出表  tk_huawei.t_so 的数据：~23 rows (大约)
DELETE FROM `t_so`;
/*!40000 ALTER TABLE `t_so` DISABLE KEYS */;
INSERT INTO `t_so` (`id`, `name`, `dt`, `finish_time`, `finished_time`, `status`, `em_id`, `cust_id`, `audit_comments`, `remark`) VALUES
	(221, 'XS_20200810_2', '2020-08-10 01:24:00', '2020-09-09 00:00:00', '2020-09-09 00:00:00', '完成', 81, 867, NULL, ''),
	(222, 'XS_20200810_8', '2020-08-10 00:00:00', '2020-09-09 00:00:00', '2020-09-09 00:00:00', '待发货', 81, 866, NULL, ''),
	(223, 'XS_20200811_5', '2020-08-11 19:49:49', '2020-09-09 00:00:00', '2020-09-09 00:00:00', '完成', 87, 870, NULL, '演示数据'),
	(224, 'XS_20200812_2', '2020-08-12 09:28:34', '2020-09-11 00:00:00', '2020-09-11 00:00:00', '待发货', 87, 866, NULL, '演示数据'),
	(228, 'XS_20200812_17', '2020-08-12 17:09:43', '2020-09-11 00:00:00', '2020-09-11 00:00:00', '待发货', 89, 876, NULL, 'dsds'),
	(230, 'XS_20200813_18', '2020-08-13 00:00:00', '2020-09-07 00:00:00', '2020-09-07 00:00:00', '待发货', 89, 874, NULL, '测试数据'),
	(231, 'XS_20200814_9', '2020-08-14 13:26:55', '2020-09-13 00:00:00', '2020-09-13 00:00:00', '待发货', 89, 876, NULL, 'vcvcvc'),
	(232, 'XS_20200814_10', '2020-08-14 15:09:01', '2020-09-07 00:00:00', '2020-09-07 00:00:00', '待发货', 89, 873, NULL, ''),
	(234, 'XS_20200821_2', '2020-08-21 15:24:03', '2020-09-20 00:00:00', '2020-09-20 00:00:00', '待发货', 85, 869, NULL, '测试数据'),
	(235, 'XS_20200825_0', '2020-08-25 13:50:45', '2020-09-12 00:00:00', '2020-09-12 00:00:00', '待发货', 85, 833, NULL, 'dddd'),
	(239, 'XS_20200826_10', '2020-09-24 00:00:00', '2020-09-17 00:00:00', '2020-09-30 00:00:00', '待审核', 85, 840, NULL, 'aa安师大'),
	(240, 'XS_20200826_11', '2020-09-30 00:00:00', '2020-09-18 00:00:00', '2020-09-25 00:00:00', '待审核', 85, 842, NULL, 'aaggggg'),
	(241, 'XS_20200826_14', '2020-09-16 00:00:00', '2020-10-17 00:00:00', '2020-10-17 00:00:00', '待审核', 85, 874, NULL, 'aa安师大'),
	(242, 'XS_20200826_23', '2020-11-24 00:00:00', '2020-09-17 00:00:00', '2020-09-30 00:00:00', '待审核', 85, 869, NULL, 'aa安师大'),
	(243, 'XS_20200828_4', '2020-08-28 16:21:23', '2020-09-14 00:00:00', '2020-09-14 00:00:00', '待审核', 85, 876, NULL, 'aa安师大'),
	(244, 'XS_20200828_5', '2020-11-26 00:00:00', '2020-09-27 00:00:00', '2020-09-27 00:00:00', '待审核', 85, 875, NULL, 'sss'),
	(245, 'XS_20200904_0', '2020-09-04 10:54:30', '2020-09-20 00:00:00', '2020-09-20 00:00:00', '待发货', 85, 869, NULL, 'aa安师大'),
	(246, 'XS_20200904_1', '2020-09-04 11:03:50', '2020-09-20 00:00:00', '2020-09-20 00:00:00', '待发货', 85, 873, NULL, 'aa安师大'),
	(247, 'XS_20200904_6', '2020-09-04 14:18:22', '2020-09-20 00:00:00', '2020-09-20 00:00:00', '待发货', 85, 869, NULL, 'aa安师大'),
	(249, 'XS_20200916_2', '2020-10-17 00:00:00', '2020-10-17 00:00:00', '2020-10-17 00:00:00', '待审核', 85, 874, NULL, 'ssss'),
	(253, 'XS_20201012_1', '2020-10-12 21:53:03', '2020-11-11 00:00:00', '2020-11-11 00:00:00', '待发货', 85, 833, NULL, 'sssss'),
	(254, 'XS_20201012_4', '2020-10-12 00:00:00', '2020-11-11 00:00:00', '2020-11-12 00:00:00', '待审核', 85, 875, NULL, 'ssssssssssss'),
	(255, 'XS_20210110_0', '2021-01-10 00:00:00', '2021-05-05 00:00:00', '2021-05-05 00:00:00', '待审核', 81, 875, NULL, 'sssss');
/*!40000 ALTER TABLE `t_so` ENABLE KEYS */;


-- 导出  表 tk_huawei.t_so_detail 结构
DROP TABLE IF EXISTS `t_so_detail`;
CREATE TABLE IF NOT EXISTS `t_so_detail` (
  `id` bigint(20) NOT NULL AUTO_INCREMENT,
  `so_id` bigint(20) NOT NULL,
  `gd_id` bigint(20) NOT NULL,
  `gd_inst_id` bigint(20) NOT NULL,
  `price` decimal(20,3) NOT NULL,
  `count` decimal(20,3) NOT NULL DEFAULT '0.000',
  `sent_count` decimal(20,3) DEFAULT '0.000',
  `return_count` decimal(20,3) DEFAULT '0.000',
  `rec_money` decimal(20,3) DEFAULT '0.000',
  `rec_status` varchar(20) DEFAULT NULL,
  `status` varchar(20) DEFAULT NULL,
  `remark` text,
  PRIMARY KEY (`id`)
) ENGINE=InnoDB AUTO_INCREMENT=1058 DEFAULT CHARSET=utf8 COMMENT='销售子订单明细';

-- 正在导出表  tk_huawei.t_so_detail 的数据：~51 rows (大约)
DELETE FROM `t_so_detail`;
/*!40000 ALTER TABLE `t_so_detail` DISABLE KEYS */;
INSERT INTO `t_so_detail` (`id`, `so_id`, `gd_id`, `gd_inst_id`, `price`, `count`, `sent_count`, `return_count`, `rec_money`, `rec_status`, `status`, `remark`) VALUES
	(954, 221, 2201, 2425, 99.000, 9999.000, 9999.000, 0.000, 0.000, '回款中', '完成', NULL),
	(955, 221, 2219, 2426, 88.000, 8888.000, 8888.000, 15.000, 0.000, '回款中', '完成', NULL),
	(956, 222, 2201, 2432, 1222.000, 2333.000, 0.000, 0.000, 3633100.000, '回款完成', '待发货', NULL),
	(957, 222, 2225, 2436, 88.000, 8888.000, 0.000, 0.000, 996731.366, '回款完成', '待发货', NULL),
	(958, 223, 2204, 2440, 33.000, 1000.000, 1001.000, 0.000, 0.000, '回款中', '完成', NULL),
	(959, 223, 2213, 2449, 88.000, 8888.000, 8890.000, 1.000, 0.000, '回款中', '完成', NULL),
	(960, 224, 2204, 2440, 44.000, 1000.000, 1011.000, 0.000, 1320000.000, '回款完成', '完成', NULL),
	(961, 224, 2221, 2456, 22.000, 3333.000, 0.000, 0.000, 73326.000, '回款完成', '待发货', NULL),
	(962, 224, 2219, 2426, 20.000, 1.000, 1.000, 0.000, 1111000.000, '回款完成', '发货中', ''),
	(963, 224, 2217, 2457, 55.000, 6666.000, 0.000, 0.000, 366630.000, '回款完成', '待发货', NULL),
	(967, 228, 2212, 2562, 33.000, 13333.000, 0.000, 0.000, 0.000, '回款中', '待发货', 'zsdfdsf'),
	(970, 230, 2229, 2553, 20.000, 3333.000, 0.000, 0.000, 0.000, '回款中', '待发货', '不用喷码'),
	(971, 230, 2209, 2565, 22.000, 10000.000, 0.000, 0.000, 0.000, '回款中', '待发货', '港华专用'),
	(972, 231, 2212, 2562, 44.000, 77777.000, 0.000, 0.000, 0.000, '回款中', '待发货', 'ggggg'),
	(973, 232, 2223, 2569, 2.000, 1.000, 0.000, 0.000, 0.000, '回款中', '待发货', ''),
	(974, 232, 2226, 2453, 22.000, 222.000, 0.000, 0.000, 0.000, '回款中', '待发货', ''),
	(975, 232, 2229, 2553, 99.000, 100.000, 0.000, 0.000, 0.000, '回款中', '待发货', ''),
	(977, 234, 2209, 2565, 69.000, 1000.000, 0.000, 0.000, 0.000, '回款中', '待发货', ''),
	(978, 234, 2224, 2460, 35.000, 2000.000, 0.000, 0.000, 0.000, '回款中', '待发货', ''),
	(979, 234, 2229, 2553, 55.000, 1000.000, 0.000, 0.000, 0.000, '回款中', '待发货', ''),
	(980, 235, 2231, 2594, 22.000, 10000.000, 0.000, 0.000, 0.000, '回款中', '待发货', 'sdf'),
	(981, 235, 2229, 2553, 22.000, 1200.000, 0.000, 0.000, 0.000, '回款中', '待发货', 'dddd'),
	(1013, 243, 2205, 2608, 12.000, 99.000, 0.000, 0.000, 0.000, '待回款', '待审核', '99'),
	(1014, 243, 2229, 2626, 22.000, 1555.000, 0.000, 0.000, 0.000, '待回款', '待审核', ''),
	(1015, 243, 2214, 2611, 44.000, 444.000, 0.000, 0.000, 0.000, '待回款', '待审核', ''),
	(1018, 245, 2209, 2565, 77.000, 1.000, 1.000, 0.000, 0.000, '回款中', '完成', ''),
	(1019, 245, 2233, 2607, 33.000, 1.000, 0.000, 0.000, 0.000, '回款中', '待发货', ''),
	(1020, 245, 2211, 2614, 55.000, 1.000, 0.000, 0.000, 0.000, '回款中', '待发货', ''),
	(1021, 245, 2219, 2426, 44.000, 1.000, 1.000, 1.000, 0.000, '回款中', '完成', ''),
	(1022, 245, 2218, 2620, 22.000, 1.000, 0.000, 0.000, 0.000, '回款中', '待发货', ''),
	(1023, 245, 2238, 2635, 66.000, 1.000, 0.000, 0.000, 0.000, '回款中', '待发货', ''),
	(1024, 246, 2230, 2602, 22.000, 1.000, 0.000, 0.000, 0.000, '回款中', '待发货', ''),
	(1025, 246, 2233, 2607, 12.000, 1.000, 0.000, 0.000, 0.000, '回款中', '待发货', ''),
	(1026, 246, 2212, 2562, 23.000, 1.000, 0.000, 0.000, 0.000, '回款中', '待发货', ''),
	(1027, 246, 2211, 2614, 22.000, 1.000, 0.000, 0.000, 0.000, '回款中', '待发货', ''),
	(1028, 246, 2238, 2635, 333.000, 1.000, 0.000, 0.000, 0.000, '回款中', '待发货', ''),
	(1029, 246, 2229, 2626, 11.000, 1.000, 0.000, 0.000, 0.000, '回款中', '待发货', ''),
	(1030, 247, 2241, 2638, 333.000, 10000.000, 0.000, 0.000, 0.000, '回款中', '待发货', ''),
	(1037, 239, 2201, 2425, 222.000, 1333.000, 0.000, 0.000, 0.000, '待回款', '待审核', 'dd'),
	(1038, 239, 2233, 2607, 55.000, 555.000, 0.000, 0.000, 0.000, '待回款', '待审核', 'rererere'),
	(1039, 244, 2205, 2645, 22.000, 22222.000, 0.000, 0.000, 0.000, '待回款', '待审核', 'ddd'),
	(1040, 244, 2222, 2642, 2222.000, 222.000, 0.000, 0.000, 0.000, '待回款', '待审核', '22'),
	(1041, 240, 2206, 2643, 120.000, 1000.000, 0.000, 0.000, 0.000, '待回款', '待审核', ''),
	(1042, 240, 2234, 2609, 200.000, 200.000, 0.000, 0.000, 0.000, '待回款', '待审核', ''),
	(1045, 242, 2229, 2644, 1.000, 1.000, 0.000, 0.000, 0.000, '待回款', '待审核', 'ddd'),
	(1048, 253, 2206, 2643, 122.000, 66666.000, 0.000, 0.000, 0.000, '回款中', '待发货', 'ddddd'),
	(1049, 253, 2234, 2609, 22.000, 166666.000, 0.000, 0.000, 0.000, '回款中', '待发货', 'ddddd'),
	(1050, 254, 2230, 2602, 133.000, 17777.000, 0.000, 0.000, 0.000, '待回款', '待审核', ''),
	(1055, 241, 2201, 2641, 1.000, 100.000, 0.000, 0.000, 0.000, '待回款', '待审核', ''),
	(1056, 255, 2221, 2650, 555.000, 677.000, 0.000, 0.000, 0.000, '待回款', '待审核', '677'),
	(1057, 249, 2222, 2642, 10.000, 17777.000, 0.000, 0.000, 0.000, '待回款', '待审核', 'gggg');
/*!40000 ALTER TABLE `t_so_detail` ENABLE KEYS */;


-- 导出  表 tk_huawei.t_so_exchange 结构
DROP TABLE IF EXISTS `t_so_exchange`;
CREATE TABLE IF NOT EXISTS `t_so_exchange` (
  `id` bigint(20) NOT NULL AUTO_INCREMENT,
  `sub_so_id` bigint(20) NOT NULL,
  `src_gd_id` bigint(20) NOT NULL,
  `ex_gd_id` bigint(20) NOT NULL,
  `em_id` bigint(20) NOT NULL,
  `dt` timestamp NOT NULL DEFAULT CURRENT_TIMESTAMP,
  `remark` text COLLATE utf8_unicode_ci,
  PRIMARY KEY (`id`)
) ENGINE=InnoDB DEFAULT CHARSET=utf8 COLLATE=utf8_unicode_ci COMMENT='换货记录';

-- 正在导出表  tk_huawei.t_so_exchange 的数据：~0 rows (大约)
DELETE FROM `t_so_exchange`;
/*!40000 ALTER TABLE `t_so_exchange` DISABLE KEYS */;
/*!40000 ALTER TABLE `t_so_exchange` ENABLE KEYS */;


-- 导出  表 tk_huawei.t_so_exp 结构
DROP TABLE IF EXISTS `t_so_exp`;
CREATE TABLE IF NOT EXISTS `t_so_exp` (
  `id` bigint(20) NOT NULL AUTO_INCREMENT,
  `so_id` bigint(20) NOT NULL COMMENT '销售订单ID',
  `exp_company` varchar(100) DEFAULT NULL COMMENT '快递公司',
  `exp_no` varchar(100) DEFAULT NULL COMMENT '快递单号',
  `send_em_name` varchar(30) DEFAULT NULL,
  `cust_contactor` bigint(20) NOT NULL COMMENT '客户联系人',
  `dt` timestamp NOT NULL DEFAULT CURRENT_TIMESTAMP,
  `rec_remark` varchar(50) DEFAULT NULL,
  `rec_pic` varchar(512) DEFAULT NULL,
  PRIMARY KEY (`id`)
) ENGINE=InnoDB AUTO_INCREMENT=69 DEFAULT CHARSET=utf8 COMMENT='订单发货明细';

-- 正在导出表  tk_huawei.t_so_exp 的数据：~19 rows (大约)
DELETE FROM `t_so_exp`;
/*!40000 ALTER TABLE `t_so_exp` DISABLE KEYS */;
INSERT INTO `t_so_exp` (`id`, `so_id`, `exp_company`, `exp_no`, `send_em_name`, `cust_contactor`, `dt`, `rec_remark`, `rec_pic`) VALUES
	(50, 227, '送货单位', NULL, '送货人姓名', 86, '2020-08-10 01:20:28', '请输入到货说明\r\n', NULL),
	(51, 228, '送货单位', NULL, '送货人姓名', 81, '2020-08-11 21:11:42', '请输入到货说明\r\n', NULL),
	(52, 231, '送货单位', NULL, '送货人姓名', 81, '2020-08-18 15:28:36', '请输入到货说明\r\n', NULL),
	(53, 230, '送货单位', NULL, '送货人姓名', 81, '2020-08-18 15:28:46', '请输入到货说明\r\n', NULL),
	(54, 243, '送货单位', NULL, '送货人姓名', 85, '2020-08-23 10:04:54', '请输入到货说明\r\n', NULL),
	(55, 242, '送货单位', NULL, '送货人姓名', 85, '2020-08-23 10:05:03', '请输入到货说明\r\n', NULL),
	(56, 241, '送货单位', NULL, '送货人姓名', 85, '2020-08-23 10:05:07', '请输入到货说明\r\n', NULL),
	(57, 240, '送货单位', NULL, '送货人姓名', 85, '2020-08-23 10:05:19', '请输入到货说明\r\n', NULL),
	(58, 237, '送货单位', NULL, '送货人姓名', 79, '2020-08-23 10:05:29', '请输入到货说明\r\n', NULL),
	(59, 233, '送货单位', NULL, '送货人姓名', 79, '2020-08-23 10:05:33', '请输入到货说明\r\n', NULL),
	(60, 232, '送货单位', NULL, '送货人姓名', 81, '2020-08-23 10:05:42', '请输入到货说明\r\n', NULL),
	(61, 257, '送货单位', NULL, '送货人姓名', 85, '2020-09-24 15:57:58', '请输入到货说明\r\n', NULL),
	(62, 253, '送货单位', NULL, '送货人姓名', 85, '2020-10-24 10:57:01', '请输入到货说明\r\n', NULL),
	(63, 247, '送货单位', NULL, '送货人姓名', 85, '2020-10-24 10:57:25', '请输入到货说明\r\n', NULL),
	(64, 258, '送货单位', NULL, '送货人姓名', 85, '2020-11-29 20:14:27', '请输入到货说明\r\n', NULL),
	(65, 258, '送货单位', NULL, '送货人姓名', 85, '2020-11-29 20:14:35', '请输入到货说明\r\n', NULL),
	(66, 258, '送货单位', NULL, '送货人姓名', 85, '2020-11-29 20:14:41', '请输入到货说明\r\n', NULL),
	(67, 258, '送货单位', NULL, '送货人姓名', 85, '2020-11-29 20:14:48', '请输入到货说明\r\n', NULL),
	(68, 258, ' ', NULL, '送货人姓名', 85, '2020-11-29 20:14:55', '请输入到货说明\r\n', NULL);
/*!40000 ALTER TABLE `t_so_exp` ENABLE KEYS */;


-- 导出  表 tk_huawei.t_so_income 结构
DROP TABLE IF EXISTS `t_so_income`;
CREATE TABLE IF NOT EXISTS `t_so_income` (
  `id` bigint(20) NOT NULL AUTO_INCREMENT,
  `amount` decimal(20,3) NOT NULL,
  `sub_so_id` bigint(20) NOT NULL,
  `em_id` bigint(20) NOT NULL,
  `dt` timestamp NOT NULL DEFAULT CURRENT_TIMESTAMP,
  `remark` text NOT NULL,
  PRIMARY KEY (`id`)
) ENGINE=InnoDB AUTO_INCREMENT=7 DEFAULT CHARSET=utf8 COMMENT='销售订单收款明细';

-- 正在导出表  tk_huawei.t_so_income 的数据：~6 rows (大约)
DELETE FROM `t_so_income`;
/*!40000 ALTER TABLE `t_so_income` DISABLE KEYS */;
INSERT INTO `t_so_income` (`id`, `amount`, `sub_so_id`, `em_id`, `dt`, `remark`) VALUES
	(1, 1320000.000, 960, 89, '2020-08-13 18:41:20', ''),
	(2, 73326.000, 961, 89, '2020-08-13 18:41:20', ''),
	(3, 1111000.000, 962, 89, '2020-08-13 18:41:20', ''),
	(4, 366630.000, 963, 89, '2020-08-13 18:41:20', ''),
	(5, 3633100.000, 956, 89, '2020-08-13 18:41:30', ''),
	(6, 996731.366, 957, 89, '2020-08-13 18:41:30', '');
/*!40000 ALTER TABLE `t_so_income` ENABLE KEYS */;


-- 导出  表 tk_huawei.t_so_invoice 结构
DROP TABLE IF EXISTS `t_so_invoice`;
CREATE TABLE IF NOT EXISTS `t_so_invoice` (
  `id` bigint(20) NOT NULL AUTO_INCREMENT,
  `so_id` bigint(20) NOT NULL,
  `amount` decimal(20,3) NOT NULL,
  `finish_amount` decimal(20,3) DEFAULT '0.000',
  `order_em` bigint(20) NOT NULL,
  `process_em` bigint(20) DEFAULT NULL,
  `status` varchar(20) NOT NULL,
  `dt` timestamp NOT NULL DEFAULT CURRENT_TIMESTAMP COMMENT '开票下单时间',
  `finish_dt` timestamp NULL DEFAULT NULL COMMENT '计划完成时间',
  `finished_dt` timestamp NULL DEFAULT NULL COMMENT '实际完成时间',
  `remark` text,
  PRIMARY KEY (`id`)
) ENGINE=InnoDB AUTO_INCREMENT=27 DEFAULT CHARSET=utf8 COMMENT='开票信息';

-- 正在导出表  tk_huawei.t_so_invoice 的数据：~11 rows (大约)
DELETE FROM `t_so_invoice`;
/*!40000 ALTER TABLE `t_so_invoice` DISABLE KEYS */;
INSERT INTO `t_so_invoice` (`id`, `so_id`, `amount`, `finish_amount`, `order_em`, `process_em`, `status`, `dt`, `finish_dt`, `finished_dt`, `remark`) VALUES
	(16, 221, 88888.000, 90000.000, 77, 77, '已处理', '2020-08-10 00:00:00', '2020-08-17 18:49:17', '2020-07-02 00:00:00', NULL),
	(17, 221, 88888.000, 88888.000, 77, 77, '已处理', '2020-08-10 00:00:00', '2020-08-17 17:53:12', '2020-07-02 00:00:00', NULL),
	(18, 221, 88888.000, 90000.000, 77, 89, '已处理', '2020-08-10 00:00:00', '2020-08-13 20:55:09', '2020-07-02 00:00:00', NULL),
	(19, 221, 8888.000, 9999.000, 87, 77, '已处理', '2020-08-12 00:00:00', '2020-08-17 18:58:30', '2020-07-02 00:00:00', NULL),
	(20, 228, 439989.000, 439989.000, 77, 77, '已处理', '2020-08-17 00:00:00', '2020-08-17 18:59:26', '2020-07-02 00:00:00', '开票处理人为admin,实际处理日期为2020-08_17 18:59:26'),
	(21, 235, 1540000.000, 0.000, 85, NULL, '待处理', '2020-08-25 00:00:00', NULL, '2020-07-02 00:00:00', NULL),
	(22, 235, 0.000, 0.000, 85, NULL, '待处理', '2020-08-25 00:00:00', NULL, '2020-07-02 00:00:00', NULL),
	(23, 234, 2889000.000, 0.000, 85, NULL, '待处理', '2020-08-25 00:00:00', NULL, '2020-07-02 00:00:00', NULL),
	(24, 245, 5511.000, 0.000, 85, NULL, '待处理', '2020-09-04 00:00:00', NULL, '2020-07-02 00:00:00', NULL),
	(25, 246, 27269.000, 0.000, 77, NULL, '待处理', '2020-09-13 00:00:00', NULL, '2020-07-02 00:00:00', NULL),
	(26, 246, 888.000, 0.000, 85, NULL, '待处理', '2020-09-14 00:00:00', NULL, '2020-07-02 00:00:00', NULL);
/*!40000 ALTER TABLE `t_so_invoice` ENABLE KEYS */;


-- 导出  表 tk_huawei.t_so_return 结构
DROP TABLE IF EXISTS `t_so_return`;
CREATE TABLE IF NOT EXISTS `t_so_return` (
  `id` bigint(20) NOT NULL AUTO_INCREMENT,
  `sub_so_id` bigint(20) NOT NULL,
  `gd_id` bigint(20) NOT NULL,
  `gd_inst_id` bigint(20) NOT NULL,
  `dt` timestamp NOT NULL DEFAULT CURRENT_TIMESTAMP,
  `barcode` varchar(50) NOT NULL,
  `count` decimal(20,3) NOT NULL,
  `type` varchar(50) NOT NULL,
  `reason` varchar(50) NOT NULL,
  PRIMARY KEY (`id`)
) ENGINE=InnoDB AUTO_INCREMENT=72 DEFAULT CHARSET=utf8 COMMENT='销售退货';

-- 正在导出表  tk_huawei.t_so_return 的数据：~5 rows (大约)
DELETE FROM `t_so_return`;
/*!40000 ALTER TABLE `t_so_return` DISABLE KEYS */;
INSERT INTO `t_so_return` (`id`, `sub_so_id`, `gd_id`, `gd_inst_id`, `dt`, `barcode`, `count`, `type`, `reason`) VALUES
	(67, 955, 2426, 0, '2020-08-10 01:33:33', 'BC-2426-2859', 1.000, '客户计划变更', 'ADf'),
	(68, 955, 2426, 0, '2020-08-10 10:59:55', 'BC-2426-2859', 12.000, '客户计划变更', 'asdf'),
	(69, 955, 2426, 0, '2020-08-10 11:29:17', 'BC-2426-2859', 2.000, '质量低下', '112'),
	(70, 959, 2449, 0, '2020-08-11 21:18:57', 'BC-2449-2867', 1.000, '客户计划变更', 'ddsds'),
	(71, 1021, 2426, 0, '2020-09-04 13:03:39', 'BC-2426-2885', 1.000, '客户计划变更', 'asd');
/*!40000 ALTER TABLE `t_so_return` ENABLE KEYS */;


-- 导出  表 tk_huawei.t_stock 结构
DROP TABLE IF EXISTS `t_stock`;
CREATE TABLE IF NOT EXISTS `t_stock` (
  `id` bigint(20) NOT NULL AUTO_INCREMENT,
  `name` varchar(128) NOT NULL,
  `is_default` tinyint(4) DEFAULT '0',
  `dt` timestamp NULL DEFAULT CURRENT_TIMESTAMP,
  `remark` text,
  PRIMARY KEY (`id`),
  UNIQUE KEY `name` (`name`)
) ENGINE=InnoDB AUTO_INCREMENT=12 DEFAULT CHARSET=utf8;

-- 正在导出表  tk_huawei.t_stock 的数据：~6 rows (大约)
DELETE FROM `t_stock`;
/*!40000 ALTER TABLE `t_stock` DISABLE KEYS */;
INSERT INTO `t_stock` (`id`, `name`, `is_default`, `dt`, `remark`) VALUES
	(3, '3号仓库', 0, '2022-03-22 19:41:20', '客户仓库'),
	(6, '成品库', 0, '2022-03-22 19:41:20', '存放成品'),
	(7, '原料库', 0, '2022-03-22 19:41:20', '存放原料（一楼左边)'),
	(8, '半成品库', 0, '2022-03-22 19:41:20', '半成品库放'),
	(9, '材料库', 1, '2022-03-22 19:41:20', '不要删除'),
	(10, '默认库位', 0, '2022-03-22 19:41:20', '不要删除');
/*!40000 ALTER TABLE `t_stock` ENABLE KEYS */;


-- 导出  表 tk_huawei.t_supp 结构
DROP TABLE IF EXISTS `t_supp`;
CREATE TABLE IF NOT EXISTS `t_supp` (
  `id` bigint(20) NOT NULL AUTO_INCREMENT,
  `name` varchar(128) NOT NULL,
  `code` varchar(32) NOT NULL,
  `addr` text,
  `dt` datetime NOT NULL DEFAULT CURRENT_TIMESTAMP,
  `contact` varchar(64) DEFAULT NULL,
  `contact_phone` varchar(64) DEFAULT NULL,
  `sales_person_id` bigint(20) DEFAULT NULL,
  `remark` text,
  `status` varchar(64) DEFAULT NULL,
  `bank` varchar(100) DEFAULT NULL,
  `account` varchar(100) DEFAULT NULL,
  `credit_code` varchar(30) DEFAULT NULL,
  `address` varchar(100) DEFAULT NULL,
  `phone` varchar(30) DEFAULT NULL,
  PRIMARY KEY (`id`),
  UNIQUE KEY `name` (`name`)
) ENGINE=InnoDB AUTO_INCREMENT=597 DEFAULT CHARSET=utf8;

-- 正在导出表  tk_huawei.t_supp 的数据：~29 rows (大约)
DELETE FROM `t_supp`;
/*!40000 ALTER TABLE `t_supp` DISABLE KEYS */;
INSERT INTO `t_supp` (`id`, `name`, `code`, `addr`, `dt`, `contact`, `contact_phone`, `sales_person_id`, `remark`, `status`, `bank`, `account`, `credit_code`, `address`, `phone`) VALUES
	(567, '库存期初余额', 'DH00', '南京市六合区竹镇侍郎路109号', '2020-06-17 00:00:00', '朱忠友', '18018097215', 0, '库存导入', '有效', '', '', '', '', ''),
	(568, '常州博美金属制品有限公司', 'DH12', '', '2014-01-01 00:00:00', '', '', 0, '钢套、卡箍', '有效', '', '', '', '', ''),
	(569, '江苏华飞合金材料有限公司', 'DH04', '', '2017-01-01 00:00:00', '', '', 0, '不锈钢丝', '有效', '', '', '', '', ''),
	(570, '小周加工中心集团', 'DH10', '', '2010-01-01 14:16:32', '', '', 0, '模具', '有效', '', '', '', '', ''),
	(571, '青岛联美化工有限公司', 'DH13', '', '2011-01-01 00:00:00', '', '', 0, '阻燃剂', '有效', '', '', '', '', ''),
	(572, '南京荣基化工', 'DH01', '', '2011-01-01 00:00:00', '', '', 0, '二辛酯、二丁酯、大豆油', '有效', '', '', '', '', ''),
	(573, '无锡新航程物资有限公司', 'DH02', '', '2011-01-01 00:00:00', '', '', 0, '聚氯乙烯', '有效', '', '', '', '', ''),
	(574, '上海谊鹏贸易有限公司', 'DH07', '', '2012-01-01 00:00:00', '', '', 0, '聚乙烯', '有效', '', '', '', '', ''),
	(575, '玉环锐标机械有限公司', 'DH17', '', '2019-01-01 00:00:00', '', '', 0, '铜螺帽、铜芯', '有效', '', '', '', '', ''),
	(576, '江阴佰汇金属实业有限公司', 'DH08', '', '2016-01-01 00:00:00', '', '', 0, '镀锌钢带', '有效', '', '', '', '', ''),
	(577, '南京奥诚化工有限公司', 'DH06', '', '2012-01-01 00:00:00', '', '', 0, '硅烷', '有效', '', '', '', '', ''),
	(578, '南京金桥市场', 'DH26', '', '2020-01-01 00:00:00', '', '', 0, '散件', '有效', '', '', '', '', ''),
	(579, '宁波红迪科技有限公司', 'DH09', '', '2016-01-01 00:00:00', '', '', 0, '警示带', '有效', '', '', '', '', ''),
	(580, '溧阳新建化工厂', 'DH16', '444444444444444', '2008-01-01 14:16:32', 'sszzz', '234234', 0, '膏状铅呗', '有效', 'dsdsdsds', '333', 'dd222', 'ddddd', '44343434343'),
	(581, '宁波万鼎包装材料有限公司', 'DH23', '', '2020-01-01 00:00:00', '', '', 0, 'PE板贴边胶带', '有效', '', '', '', '', ''),
	(582, '上海河冀保湿材料有限公司', 'DH24', '', '2020-01-01 00:00:00', '', '', 0, '胶带', '有效', '', '', '', '', ''),
	(583, '诸暨市华尔普星配件厂', 'DH11', '', '2014-01-01 00:00:00', '', '', 0, '铜螺帽、铜芯', '有效', '', '', '', '', ''),
	(584, '江阴佰亿金属实业有限公司', 'DH08', '', '2016-01-01 00:00:00', '', '', 0, '镀锌钢带', '有效', '', '', '', '', ''),
	(585, '山东三义实业有限公司', 'DH03', '', '2014-01-01 00:00:00', '', '', 0, 'CPE', '有效', '', '', '', '', ''),
	(587, '苏州群聚复合材料有限公司', 'DH19', '', '2020-01-01 00:00:00', '', '', 0, '色母粒', '有效', '', '', '', '', ''),
	(588, '六合横梁', 'DH20', '', '2020-01-01 00:00:00', '', '', 0, '塑料盖头', '有效', '', '', '', '', ''),
	(589, '南京妙颖包装材料有限公司', 'DH21', '', '2020-01-01 00:00:00', '', '', 0, '纸箱', '有效', '', '', '', '', ''),
	(590, '南京绿沃包装材料有限公司', 'DH22', '', '2020-01-01 00:00:00', '', '', 0, '包装膜，包装袋', '有效', '', '', '', '', ''),
	(591, '天津市昊亿紧固件公司', 'DH14', '', '2017-01-01 00:00:00', '', '', 0, '德式喉箍', '有效', '', '', '', '', ''),
	(592, '北京恒华力达有限公司', 'DH15', '', '2011-01-01 00:00:00', '', '', 0, '抗氧剂', '有效', '', '', '', '', ''),
	(593, '南京佰亿佳化工有限公司', 'DH05', '', '2010-01-01 00:00:00', '', '', 0, '聚乙烯', '有效', '', '', '', '', ''),
	(594, '南京奥城化工有限公司', 'DH06', '', '2012-01-01 00:00:00', '', '', 0, '硅烷', '有效', '', '', '', '', ''),
	(595, '梅州智亮机电有限公司', 'DH25', '', '2020-01-01 00:00:00', '', '', 0, '喷码机墨水、溶剂', '有效', '', '', '', '', ''),
	(596, '南京大华', 'njdh', '１２３１２３就离开了啦啦啦啦', '2020-09-02 14:16:32', '张无忌', '189', 0, '；拉丝的就发哦ｉｄ诉法哦减肥的；大劫案', '有效', '南京银行', '１２３９０００－－', '２２９９９９００', '大大大大大大的大大的大大的大大的', '12312312');
/*!40000 ALTER TABLE `t_supp` ENABLE KEYS */;


-- 导出  表 tk_huawei.t_sys 结构
DROP TABLE IF EXISTS `t_sys`;
CREATE TABLE IF NOT EXISTS `t_sys` (
  `code` varchar(50) COLLATE utf8_unicode_ci NOT NULL,
  `idx` bigint(20) NOT NULL
) ENGINE=InnoDB DEFAULT CHARSET=utf8 COLLATE=utf8_unicode_ci;

-- 正在导出表  tk_huawei.t_sys 的数据：~0 rows (大约)
DELETE FROM `t_sys`;
/*!40000 ALTER TABLE `t_sys` DISABLE KEYS */;
/*!40000 ALTER TABLE `t_sys` ENABLE KEYS */;


-- 导出  表 tk_huawei.t_unit 结构
DROP TABLE IF EXISTS `t_unit`;
CREATE TABLE IF NOT EXISTS `t_unit` (
  `u_code` varchar(20) NOT NULL,
  `u_type` varchar(20) NOT NULL,
  `basic_unit` varchar(10) NOT NULL,
  `conversion_rate` decimal(20,6) NOT NULL DEFAULT '1.000000',
  `dt` timestamp NOT NULL DEFAULT CURRENT_TIMESTAMP,
  `remark` text,
  PRIMARY KEY (`u_code`),
  UNIQUE KEY `code` (`u_code`)
) ENGINE=InnoDB DEFAULT CHARSET=utf8;

-- 正在导出表  tk_huawei.t_unit 的数据：~22 rows (大约)
DELETE FROM `t_unit`;
/*!40000 ALTER TABLE `t_unit` DISABLE KEYS */;
INSERT INTO `t_unit` (`u_code`, `u_type`, `basic_unit`, `conversion_rate`, `dt`, `remark`) VALUES
	('30M/JUAN', '自定义', '米', 30.000000, '2022-03-29 08:11:50', '30M/JUAN'),
	('80M卷', '自定义', '米', 80.000000, '2022-03-29 08:11:50', '80M卷'),
	('A类卷', '自定义', '米', 50.000000, '2022-03-29 08:11:50', 'A类卷'),
	('B类卷', '自定义', '米', 100.000000, '2022-03-29 08:11:50', 'B类卷'),
	('个', '数量', '个', 1.000000, '2022-03-29 08:11:50', '个'),
	('公斤', '重量', '公斤', 1.000000, '2022-03-29 08:11:50', '公斤'),
	('升', '容量', '升', 1.000000, '2022-03-29 08:11:50', '升'),
	('卷', '数量', '卷', 1.000000, '2022-03-29 08:11:50', '卷'),
	('厘米', '长度', '米', 0.010000, '2022-03-29 08:11:50', '厘米'),
	('只', '数量', '只', 1.000000, '2022-03-29 08:11:50', '只'),
	('吨', '重量', '公斤', 1000.000000, '2022-03-29 08:11:50', '吨'),
	('块', '数量', '块', 1.000000, '2022-03-29 08:11:50', '块'),
	('套', '数量', '套', 1.000000, '2022-03-29 08:11:50', '套'),
	('平米', '面积', '平米', 1.000000, '2022-03-29 08:11:50', '平米'),
	('把', '数量', '把', 1.000000, '2022-03-29 08:11:50', '把'),
	('根', '数量', '根', 1.000000, '2022-03-29 08:11:50', '根'),
	('桶', '数量', '桶', 1.000000, '2022-03-29 08:11:50', '桶'),
	('毫米', '长度', '米', 0.001000, '2022-03-29 08:11:50', '毫米'),
	('瓶', '数量', '瓶', 1.000000, '2022-03-29 08:11:50', '瓶'),
	('盘', '数量', '盘', 1.000000, '2022-03-29 08:11:50', '盘'),
	('米', '长度', '米', 1.000000, '2022-03-29 08:11:50', '米'),
	('袋', '重量', '袋', 1.000000, '2022-03-29 08:11:50', '袋');
/*!40000 ALTER TABLE `t_unit` ENABLE KEYS */;


-- 导出 tk_smart_base 的数据库结构
DROP DATABASE IF EXISTS `tk_smart_base`;
CREATE DATABASE IF NOT EXISTS `tk_smart_base` /*!40100 DEFAULT CHARACTER SET utf8 COLLATE utf8_unicode_ci */;
USE `tk_smart_base`;


-- 导出  表 tk_smart_base.t_city 结构
DROP TABLE IF EXISTS `t_city`;
CREATE TABLE IF NOT EXISTS `t_city` (
  `id` bigint(20) NOT NULL AUTO_INCREMENT,
  `city_id` varchar(4) NOT NULL,
  `p_id` varchar(2) DEFAULT NULL,
  `city_name` varchar(50) DEFAULT NULL,
  PRIMARY KEY (`id`),
  UNIQUE KEY `city_id` (`city_id`)
) ENGINE=InnoDB AUTO_INCREMENT=3145 DEFAULT CHARSET=utf8;

-- 正在导出表  tk_smart_base.t_city 的数据：~3,144 rows (大约)
DELETE FROM `t_city`;
/*!40000 ALTER TABLE `t_city` DISABLE KEYS */;
INSERT INTO `t_city` (`id`, `city_id`, `p_id`, `city_name`) VALUES
	(1, '1', '11', '东城区'),
	(2, '10', '11', '房山区'),
	(3, '100', '13', '馆陶县'),
	(4, '1000', '33', '岱山县'),
	(5, '1001', '33', '嵊泗县'),
	(6, '1002', '33', '市辖区'),
	(7, '1003', '33', '椒江区'),
	(8, '1004', '33', '黄岩区'),
	(9, '1005', '33', '路桥区'),
	(10, '1006', '33', '玉环县'),
	(11, '1007', '33', '三门县'),
	(12, '1008', '33', '天台县'),
	(13, '1009', '33', '仙居县'),
	(14, '101', '13', '魏　县'),
	(15, '1010', '33', '温岭市'),
	(16, '1011', '33', '临海市'),
	(17, '1012', '33', '市辖区'),
	(18, '1013', '33', '莲都区'),
	(19, '1014', '33', '青田县'),
	(20, '1015', '33', '缙云县'),
	(21, '1016', '33', '遂昌县'),
	(22, '1017', '33', '松阳县'),
	(23, '1018', '33', '云和县'),
	(24, '1019', '33', '庆元县'),
	(25, '102', '13', '曲周县'),
	(26, '1020', '33', '景宁畲族自治县'),
	(27, '1021', '33', '龙泉市'),
	(28, '1022', '34', '市辖区'),
	(29, '1023', '34', '瑶海区'),
	(30, '1024', '34', '庐阳区'),
	(31, '1025', '34', '蜀山区'),
	(32, '1026', '34', '包河区'),
	(33, '1027', '34', '长丰县'),
	(34, '1028', '34', '肥东县'),
	(35, '1029', '34', '肥西县'),
	(36, '103', '13', '武安市'),
	(37, '1030', '34', '市辖区'),
	(38, '1031', '34', '镜湖区'),
	(39, '1032', '34', '马塘区'),
	(40, '1033', '34', '新芜区'),
	(41, '1034', '34', '鸠江区'),
	(42, '1035', '34', '芜湖县'),
	(43, '1036', '34', '繁昌县'),
	(44, '1037', '34', '南陵县'),
	(45, '1038', '34', '市辖区'),
	(46, '1039', '34', '龙子湖区'),
	(47, '104', '13', '市辖区'),
	(48, '1040', '34', '蚌山区'),
	(49, '1041', '34', '禹会区'),
	(50, '1042', '34', '淮上区'),
	(51, '1043', '34', '怀远县'),
	(52, '1044', '34', '五河县'),
	(53, '1045', '34', '固镇县'),
	(54, '1046', '34', '市辖区'),
	(55, '1047', '34', '大通区'),
	(56, '1048', '34', '田家庵区'),
	(57, '1049', '34', '谢家集区'),
	(58, '105', '13', '桥东区'),
	(59, '1050', '34', '八公山区'),
	(60, '1051', '34', '潘集区'),
	(61, '1052', '34', '凤台县'),
	(62, '1053', '34', '市辖区'),
	(63, '1054', '34', '金家庄区'),
	(64, '1055', '34', '花山区'),
	(65, '1056', '34', '雨山区'),
	(66, '1057', '34', '当涂县'),
	(67, '1058', '34', '市辖区'),
	(68, '1059', '34', '杜集区'),
	(69, '106', '13', '桥西区'),
	(70, '1060', '34', '相山区'),
	(71, '1061', '34', '烈山区'),
	(72, '1062', '34', '濉溪县'),
	(73, '1063', '34', '市辖区'),
	(74, '1064', '34', '铜官山区'),
	(75, '1065', '34', '狮子山区'),
	(76, '1066', '34', '郊　区'),
	(77, '1067', '34', '铜陵县'),
	(78, '1068', '34', '市辖区'),
	(79, '1069', '34', '迎江区'),
	(80, '107', '13', '邢台县'),
	(81, '1070', '34', '大观区'),
	(82, '1071', '34', '郊　区'),
	(83, '1072', '34', '怀宁县'),
	(84, '1073', '34', '枞阳县'),
	(85, '1074', '34', '潜山县'),
	(86, '1075', '34', '太湖县'),
	(87, '1076', '34', '宿松县'),
	(88, '1077', '34', '望江县'),
	(89, '1078', '34', '岳西县'),
	(90, '1079', '34', '桐城市'),
	(91, '108', '13', '临城县'),
	(92, '1080', '34', '市辖区'),
	(93, '1081', '34', '屯溪区'),
	(94, '1082', '34', '黄山区'),
	(95, '1083', '34', '徽州区'),
	(96, '1084', '34', '歙　县'),
	(97, '1085', '34', '休宁县'),
	(98, '1086', '34', '黟　县'),
	(99, '1087', '34', '祁门县'),
	(100, '1088', '34', '市辖区'),
	(101, '1089', '34', '琅琊区'),
	(102, '109', '13', '内丘县'),
	(103, '1090', '34', '南谯区'),
	(104, '1091', '34', '来安县'),
	(105, '1092', '34', '全椒县'),
	(106, '1093', '34', '定远县'),
	(107, '1094', '34', '凤阳县'),
	(108, '1095', '34', '天长市'),
	(109, '1096', '34', '明光市'),
	(110, '1097', '34', '市辖区'),
	(111, '1098', '34', '颍州区'),
	(112, '1099', '34', '颍东区'),
	(113, '11', '11', '通州区'),
	(114, '110', '13', '柏乡县'),
	(115, '1100', '34', '颍泉区'),
	(116, '1101', '34', '临泉县'),
	(117, '1102', '34', '太和县'),
	(118, '1103', '34', '阜南县'),
	(119, '1104', '34', '颍上县'),
	(120, '1105', '34', '界首市'),
	(121, '1106', '34', '市辖区'),
	(122, '1107', '34', '墉桥区'),
	(123, '1108', '34', '砀山县'),
	(124, '1109', '34', '萧　县'),
	(125, '111', '13', '隆尧县'),
	(126, '1110', '34', '灵璧县'),
	(127, '1111', '34', '泗　县'),
	(128, '1112', '34', '市辖区'),
	(129, '1113', '34', '居巢区'),
	(130, '1114', '34', '庐江县'),
	(131, '1115', '34', '无为县'),
	(132, '1116', '34', '含山县'),
	(133, '1117', '34', '和　县'),
	(134, '1118', '34', '市辖区'),
	(135, '1119', '34', '金安区'),
	(136, '112', '13', '任　县'),
	(137, '1120', '34', '裕安区'),
	(138, '1121', '34', '寿　县'),
	(139, '1122', '34', '霍邱县'),
	(140, '1123', '34', '舒城县'),
	(141, '1124', '34', '金寨县'),
	(142, '1125', '34', '霍山县'),
	(143, '1126', '34', '市辖区'),
	(144, '1127', '34', '谯城区'),
	(145, '1128', '34', '涡阳县'),
	(146, '1129', '34', '蒙城县'),
	(147, '113', '13', '南和县'),
	(148, '1130', '34', '利辛县'),
	(149, '1131', '34', '市辖区'),
	(150, '1132', '34', '贵池区'),
	(151, '1133', '34', '东至县'),
	(152, '1134', '34', '石台县'),
	(153, '1135', '34', '青阳县'),
	(154, '1136', '34', '市辖区'),
	(155, '1137', '34', '宣州区'),
	(156, '1138', '34', '郎溪县'),
	(157, '1139', '34', '广德县'),
	(158, '114', '13', '宁晋县'),
	(159, '1140', '34', '泾　县'),
	(160, '1141', '34', '绩溪县'),
	(161, '1142', '34', '旌德县'),
	(162, '1143', '34', '宁国市'),
	(163, '1144', '35', '市辖区'),
	(164, '1145', '35', '鼓楼区'),
	(165, '1146', '35', '台江区'),
	(166, '1147', '35', '仓山区'),
	(167, '1148', '35', '马尾区'),
	(168, '1149', '35', '晋安区'),
	(169, '115', '13', '巨鹿县'),
	(170, '1150', '35', '闽侯县'),
	(171, '1151', '35', '连江县'),
	(172, '1152', '35', '罗源县'),
	(173, '1153', '35', '闽清县'),
	(174, '1154', '35', '永泰县'),
	(175, '1155', '35', '平潭县'),
	(176, '1156', '35', '福清市'),
	(177, '1157', '35', '长乐市'),
	(178, '1158', '35', '市辖区'),
	(179, '1159', '35', '思明区'),
	(180, '116', '13', '新河县'),
	(181, '1160', '35', '海沧区'),
	(182, '1161', '35', '湖里区'),
	(183, '1162', '35', '集美区'),
	(184, '1163', '35', '同安区'),
	(185, '1164', '35', '翔安区'),
	(186, '1165', '35', '市辖区'),
	(187, '1166', '35', '城厢区'),
	(188, '1167', '35', '涵江区'),
	(189, '1168', '35', '荔城区'),
	(190, '1169', '35', '秀屿区'),
	(191, '117', '13', '广宗县'),
	(192, '1170', '35', '仙游县'),
	(193, '1171', '35', '市辖区'),
	(194, '1172', '35', '梅列区'),
	(195, '1173', '35', '三元区'),
	(196, '1174', '35', '明溪县'),
	(197, '1175', '35', '清流县'),
	(198, '1176', '35', '宁化县'),
	(199, '1177', '35', '大田县'),
	(200, '1178', '35', '尤溪县'),
	(201, '1179', '35', '沙　县'),
	(202, '118', '13', '平乡县'),
	(203, '1180', '35', '将乐县'),
	(204, '1181', '35', '泰宁县'),
	(205, '1182', '35', '建宁县'),
	(206, '1183', '35', '永安市'),
	(207, '1184', '35', '市辖区'),
	(208, '1185', '35', '鲤城区'),
	(209, '1186', '35', '丰泽区'),
	(210, '1187', '35', '洛江区'),
	(211, '1188', '35', '泉港区'),
	(212, '1189', '35', '惠安县'),
	(213, '119', '13', '威　县'),
	(214, '1190', '35', '安溪县'),
	(215, '1191', '35', '永春县'),
	(216, '1192', '35', '德化县'),
	(217, '1193', '35', '金门县'),
	(218, '1194', '35', '石狮市'),
	(219, '1195', '35', '晋江市'),
	(220, '1196', '35', '南安市'),
	(221, '1197', '35', '市辖区'),
	(222, '1198', '35', '芗城区'),
	(223, '1199', '35', '龙文区'),
	(224, '12', '11', '顺义区'),
	(225, '120', '13', '清河县'),
	(226, '1200', '35', '云霄县'),
	(227, '1201', '35', '漳浦县'),
	(228, '1202', '35', '诏安县'),
	(229, '1203', '35', '长泰县'),
	(230, '1204', '35', '东山县'),
	(231, '1205', '35', '南靖县'),
	(232, '1206', '35', '平和县'),
	(233, '1207', '35', '华安县'),
	(234, '1208', '35', '龙海市'),
	(235, '1209', '35', '市辖区'),
	(236, '121', '13', '临西县'),
	(237, '1210', '35', '延平区'),
	(238, '1211', '35', '顺昌县'),
	(239, '1212', '35', '浦城县'),
	(240, '1213', '35', '光泽县'),
	(241, '1214', '35', '松溪县'),
	(242, '1215', '35', '政和县'),
	(243, '1216', '35', '邵武市'),
	(244, '1217', '35', '武夷山市'),
	(245, '1218', '35', '建瓯市'),
	(246, '1219', '35', '建阳市'),
	(247, '122', '13', '南宫市'),
	(248, '1220', '35', '市辖区'),
	(249, '1221', '35', '新罗区'),
	(250, '1222', '35', '长汀县'),
	(251, '1223', '35', '永定县'),
	(252, '1224', '35', '上杭县'),
	(253, '1225', '35', '武平县'),
	(254, '1226', '35', '连城县'),
	(255, '1227', '35', '漳平市'),
	(256, '1228', '35', '市辖区'),
	(257, '1229', '35', '蕉城区'),
	(258, '123', '13', '沙河市'),
	(259, '1230', '35', '霞浦县'),
	(260, '1231', '35', '古田县'),
	(261, '1232', '35', '屏南县'),
	(262, '1233', '35', '寿宁县'),
	(263, '1234', '35', '周宁县'),
	(264, '1235', '35', '柘荣县'),
	(265, '1236', '35', '福安市'),
	(266, '1237', '35', '福鼎市'),
	(267, '1238', '36', '市辖区'),
	(268, '1239', '36', '东湖区'),
	(269, '124', '13', '市辖区'),
	(270, '1240', '36', '西湖区'),
	(271, '1241', '36', '青云谱区'),
	(272, '1242', '36', '湾里区'),
	(273, '1243', '36', '青山湖区'),
	(274, '1244', '36', '南昌县'),
	(275, '1245', '36', '新建县'),
	(276, '1246', '36', '安义县'),
	(277, '1247', '36', '进贤县'),
	(278, '1248', '36', '市辖区'),
	(279, '1249', '36', '昌江区'),
	(280, '125', '13', '新市区'),
	(281, '1250', '36', '珠山区'),
	(282, '1251', '36', '浮梁县'),
	(283, '1252', '36', '乐平市'),
	(284, '1253', '36', '市辖区'),
	(285, '1254', '36', '安源区'),
	(286, '1255', '36', '湘东区'),
	(287, '1256', '36', '莲花县'),
	(288, '1257', '36', '上栗县'),
	(289, '1258', '36', '芦溪县'),
	(290, '1259', '36', '市辖区'),
	(291, '126', '13', '北市区'),
	(292, '1260', '36', '庐山区'),
	(293, '1261', '36', '浔阳区'),
	(294, '1262', '36', '九江县'),
	(295, '1263', '36', '武宁县'),
	(296, '1264', '36', '修水县'),
	(297, '1265', '36', '永修县'),
	(298, '1266', '36', '德安县'),
	(299, '1267', '36', '星子县'),
	(300, '1268', '36', '都昌县'),
	(301, '1269', '36', '湖口县'),
	(302, '127', '13', '南市区'),
	(303, '1270', '36', '彭泽县'),
	(304, '1271', '36', '瑞昌市'),
	(305, '1272', '36', '市辖区'),
	(306, '1273', '36', '渝水区'),
	(307, '1274', '36', '分宜县'),
	(308, '1275', '36', '市辖区'),
	(309, '1276', '36', '月湖区'),
	(310, '1277', '36', '余江县'),
	(311, '1278', '36', '贵溪市'),
	(312, '1279', '36', '市辖区'),
	(313, '128', '13', '满城县'),
	(314, '1280', '36', '章贡区'),
	(315, '1281', '36', '赣　县'),
	(316, '1282', '36', '信丰县'),
	(317, '1283', '36', '大余县'),
	(318, '1284', '36', '上犹县'),
	(319, '1285', '36', '崇义县'),
	(320, '1286', '36', '安远县'),
	(321, '1287', '36', '龙南县'),
	(322, '1288', '36', '定南县'),
	(323, '1289', '36', '全南县'),
	(324, '129', '13', '清苑县'),
	(325, '1290', '36', '宁都县'),
	(326, '1291', '36', '于都县'),
	(327, '1292', '36', '兴国县'),
	(328, '1293', '36', '会昌县'),
	(329, '1294', '36', '寻乌县'),
	(330, '1295', '36', '石城县'),
	(331, '1296', '36', '瑞金市'),
	(332, '1297', '36', '南康市'),
	(333, '1298', '36', '市辖区'),
	(334, '1299', '36', '吉州区'),
	(335, '13', '11', '昌平区'),
	(336, '130', '13', '涞水县'),
	(337, '1300', '36', '青原区'),
	(338, '1301', '36', '吉安县'),
	(339, '1302', '36', '吉水县'),
	(340, '1303', '36', '峡江县'),
	(341, '1304', '36', '新干县'),
	(342, '1305', '36', '永丰县'),
	(343, '1306', '36', '泰和县'),
	(344, '1307', '36', '遂川县'),
	(345, '1308', '36', '万安县'),
	(346, '1309', '36', '安福县'),
	(347, '131', '13', '阜平县'),
	(348, '1310', '36', '永新县'),
	(349, '1311', '36', '井冈山市'),
	(350, '1312', '36', '市辖区'),
	(351, '1313', '36', '袁州区'),
	(352, '1314', '36', '奉新县'),
	(353, '1315', '36', '万载县'),
	(354, '1316', '36', '上高县'),
	(355, '1317', '36', '宜丰县'),
	(356, '1318', '36', '靖安县'),
	(357, '1319', '36', '铜鼓县'),
	(358, '132', '13', '徐水县'),
	(359, '1320', '36', '丰城市'),
	(360, '1321', '36', '樟树市'),
	(361, '1322', '36', '高安市'),
	(362, '1323', '36', '市辖区'),
	(363, '1324', '36', '临川区'),
	(364, '1325', '36', '南城县'),
	(365, '1326', '36', '黎川县'),
	(366, '1327', '36', '南丰县'),
	(367, '1328', '36', '崇仁县'),
	(368, '1329', '36', '乐安县'),
	(369, '133', '13', '定兴县'),
	(370, '1330', '36', '宜黄县'),
	(371, '1331', '36', '金溪县'),
	(372, '1332', '36', '资溪县'),
	(373, '1333', '36', '东乡县'),
	(374, '1334', '36', '广昌县'),
	(375, '1335', '36', '市辖区'),
	(376, '1336', '36', '信州区'),
	(377, '1337', '36', '上饶县'),
	(378, '1338', '36', '广丰县'),
	(379, '1339', '36', '玉山县'),
	(380, '134', '13', '唐　县'),
	(381, '1340', '36', '铅山县'),
	(382, '1341', '36', '横峰县'),
	(383, '1342', '36', '弋阳县'),
	(384, '1343', '36', '余干县'),
	(385, '1344', '36', '鄱阳县'),
	(386, '1345', '36', '万年县'),
	(387, '1346', '36', '婺源县'),
	(388, '1347', '36', '德兴市'),
	(389, '1348', '37', '市辖区'),
	(390, '1349', '37', '历下区'),
	(391, '135', '13', '高阳县'),
	(392, '1350', '37', '市中区'),
	(393, '1351', '37', '槐荫区'),
	(394, '1352', '37', '天桥区'),
	(395, '1353', '37', '历城区'),
	(396, '1354', '37', '长清区'),
	(397, '1355', '37', '平阴县'),
	(398, '1356', '37', '济阳县'),
	(399, '1357', '37', '商河县'),
	(400, '1358', '37', '章丘市'),
	(401, '1359', '37', '市辖区'),
	(402, '136', '13', '容城县'),
	(403, '1360', '37', '市南区'),
	(404, '1361', '37', '市北区'),
	(405, '1362', '37', '四方区'),
	(406, '1363', '37', '黄岛区'),
	(407, '1364', '37', '崂山区'),
	(408, '1365', '37', '李沧区'),
	(409, '1366', '37', '城阳区'),
	(410, '1367', '37', '胶州市'),
	(411, '1368', '37', '即墨市'),
	(412, '1369', '37', '平度市'),
	(413, '137', '13', '涞源县'),
	(414, '1370', '37', '胶南市'),
	(415, '1371', '37', '莱西市'),
	(416, '1372', '37', '市辖区'),
	(417, '1373', '37', '淄川区'),
	(418, '1374', '37', '张店区'),
	(419, '1375', '37', '博山区'),
	(420, '1376', '37', '临淄区'),
	(421, '1377', '37', '周村区'),
	(422, '1378', '37', '桓台县'),
	(423, '1379', '37', '高青县'),
	(424, '138', '13', '望都县'),
	(425, '1380', '37', '沂源县'),
	(426, '1381', '37', '市辖区'),
	(427, '1382', '37', '市中区'),
	(428, '1383', '37', '薛城区'),
	(429, '1384', '37', '峄城区'),
	(430, '1385', '37', '台儿庄区'),
	(431, '1386', '37', '山亭区'),
	(432, '1387', '37', '滕州市'),
	(433, '1388', '37', '市辖区'),
	(434, '1389', '37', '东营区'),
	(435, '139', '13', '安新县'),
	(436, '1390', '37', '河口区'),
	(437, '1391', '37', '垦利县'),
	(438, '1392', '37', '利津县'),
	(439, '1393', '37', '广饶县'),
	(440, '1394', '37', '市辖区'),
	(441, '1395', '37', '芝罘区'),
	(442, '1396', '37', '福山区'),
	(443, '1397', '37', '牟平区'),
	(444, '1398', '37', '莱山区'),
	(445, '1399', '37', '长岛县'),
	(446, '14', '11', '大兴区'),
	(447, '140', '13', '易　县'),
	(448, '1400', '37', '龙口市'),
	(449, '1401', '37', '莱阳市'),
	(450, '1402', '37', '莱州市'),
	(451, '1403', '37', '蓬莱市'),
	(452, '1404', '37', '招远市'),
	(453, '1405', '37', '栖霞市'),
	(454, '1406', '37', '海阳市'),
	(455, '1407', '37', '市辖区'),
	(456, '1408', '37', '潍城区'),
	(457, '1409', '37', '寒亭区'),
	(458, '141', '13', '曲阳县'),
	(459, '1410', '37', '坊子区'),
	(460, '1411', '37', '奎文区'),
	(461, '1412', '37', '临朐县'),
	(462, '1413', '37', '昌乐县'),
	(463, '1414', '37', '青州市'),
	(464, '1415', '37', '诸城市'),
	(465, '1416', '37', '寿光市'),
	(466, '1417', '37', '安丘市'),
	(467, '1418', '37', '高密市'),
	(468, '1419', '37', '昌邑市'),
	(469, '142', '13', '蠡　县'),
	(470, '1420', '37', '市辖区'),
	(471, '1421', '37', '市中区'),
	(472, '1422', '37', '任城区'),
	(473, '1423', '37', '微山县'),
	(474, '1424', '37', '鱼台县'),
	(475, '1425', '37', '金乡县'),
	(476, '1426', '37', '嘉祥县'),
	(477, '1427', '37', '汶上县'),
	(478, '1428', '37', '泗水县'),
	(479, '1429', '37', '梁山县'),
	(480, '143', '13', '顺平县'),
	(481, '1430', '37', '曲阜市'),
	(482, '1431', '37', '兖州市'),
	(483, '1432', '37', '邹城市'),
	(484, '1433', '37', '市辖区'),
	(485, '1434', '37', '泰山区'),
	(486, '1435', '37', '岱岳区'),
	(487, '1436', '37', '宁阳县'),
	(488, '1437', '37', '东平县'),
	(489, '1438', '37', '新泰市'),
	(490, '1439', '37', '肥城市'),
	(491, '144', '13', '博野县'),
	(492, '1440', '37', '市辖区'),
	(493, '1441', '37', '环翠区'),
	(494, '1442', '37', '文登市'),
	(495, '1443', '37', '荣成市'),
	(496, '1444', '37', '乳山市'),
	(497, '1445', '37', '市辖区'),
	(498, '1446', '37', '东港区'),
	(499, '1447', '37', '岚山区'),
	(500, '1448', '37', '五莲县'),
	(501, '1449', '37', '莒　县'),
	(502, '145', '13', '雄　县'),
	(503, '1450', '37', '市辖区'),
	(504, '1451', '37', '莱城区'),
	(505, '1452', '37', '钢城区'),
	(506, '1453', '37', '市辖区'),
	(507, '1454', '37', '兰山区'),
	(508, '1455', '37', '罗庄区'),
	(509, '1456', '37', '河东区'),
	(510, '1457', '37', '沂南县'),
	(511, '1458', '37', '郯城县'),
	(512, '1459', '37', '沂水县'),
	(513, '146', '13', '涿州市'),
	(514, '1460', '37', '苍山县'),
	(515, '1461', '37', '费　县'),
	(516, '1462', '37', '平邑县'),
	(517, '1463', '37', '莒南县'),
	(518, '1464', '37', '蒙阴县'),
	(519, '1465', '37', '临沭县'),
	(520, '1466', '37', '市辖区'),
	(521, '1467', '37', '德城区'),
	(522, '1468', '37', '陵　县'),
	(523, '1469', '37', '宁津县'),
	(524, '147', '13', '定州市'),
	(525, '1470', '37', '庆云县'),
	(526, '1471', '37', '临邑县'),
	(527, '1472', '37', '齐河县'),
	(528, '1473', '37', '平原县'),
	(529, '1474', '37', '夏津县'),
	(530, '1475', '37', '武城县'),
	(531, '1476', '37', '乐陵市'),
	(532, '1477', '37', '禹城市'),
	(533, '1478', '37', '市辖区'),
	(534, '1479', '37', '东昌府区'),
	(535, '148', '13', '安国市'),
	(536, '1480', '37', '阳谷县'),
	(537, '1481', '37', '莘　县'),
	(538, '1482', '37', '茌平县'),
	(539, '1483', '37', '东阿县'),
	(540, '1484', '37', '冠　县'),
	(541, '1485', '37', '高唐县'),
	(542, '1486', '37', '临清市'),
	(543, '1487', '37', '市辖区'),
	(544, '1488', '37', '滨城区'),
	(545, '1489', '37', '惠民县'),
	(546, '149', '13', '高碑店市'),
	(547, '1490', '37', '阳信县'),
	(548, '1491', '37', '无棣县'),
	(549, '1492', '37', '沾化县'),
	(550, '1493', '37', '博兴县'),
	(551, '1494', '37', '邹平县'),
	(552, '1495', '37', '市辖区'),
	(553, '1496', '37', '牡丹区'),
	(554, '1497', '37', '曹　县'),
	(555, '1498', '37', '单　县'),
	(556, '1499', '37', '成武县'),
	(557, '15', '11', '怀柔区'),
	(558, '150', '13', '市辖区'),
	(559, '1500', '37', '巨野县'),
	(560, '1501', '37', '郓城县'),
	(561, '1502', '37', '鄄城县'),
	(562, '1503', '37', '定陶县'),
	(563, '1504', '37', '东明县'),
	(564, '1505', '41', '市辖区'),
	(565, '1506', '41', '中原区'),
	(566, '1507', '41', '二七区'),
	(567, '1508', '41', '管城回族区'),
	(568, '1509', '41', '金水区'),
	(569, '151', '13', '桥东区'),
	(570, '1510', '41', '上街区'),
	(571, '1511', '41', '邙山区'),
	(572, '1512', '41', '中牟县'),
	(573, '1513', '41', '巩义市'),
	(574, '1514', '41', '荥阳市'),
	(575, '1515', '41', '新密市'),
	(576, '1516', '41', '新郑市'),
	(577, '1517', '41', '登封市'),
	(578, '1518', '41', '市辖区'),
	(579, '1519', '41', '龙亭区'),
	(580, '152', '13', '桥西区'),
	(581, '1520', '41', '顺河回族区'),
	(582, '1521', '41', '鼓楼区'),
	(583, '1522', '41', '南关区'),
	(584, '1523', '41', '郊　区'),
	(585, '1524', '41', '杞　县'),
	(586, '1525', '41', '通许县'),
	(587, '1526', '41', '尉氏县'),
	(588, '1527', '41', '开封县'),
	(589, '1528', '41', '兰考县'),
	(590, '1529', '41', '市辖区'),
	(591, '153', '13', '宣化区'),
	(592, '1530', '41', '老城区'),
	(593, '1531', '41', '西工区'),
	(594, '1532', '41', '廛河回族区'),
	(595, '1533', '41', '涧西区'),
	(596, '1534', '41', '吉利区'),
	(597, '1535', '41', '洛龙区'),
	(598, '1536', '41', '孟津县'),
	(599, '1537', '41', '新安县'),
	(600, '1538', '41', '栾川县'),
	(601, '1539', '41', '嵩　县'),
	(602, '154', '13', '下花园区'),
	(603, '1540', '41', '汝阳县'),
	(604, '1541', '41', '宜阳县'),
	(605, '1542', '41', '洛宁县'),
	(606, '1543', '41', '伊川县'),
	(607, '1544', '41', '偃师市'),
	(608, '1545', '41', '市辖区'),
	(609, '1546', '41', '新华区'),
	(610, '1547', '41', '卫东区'),
	(611, '1548', '41', '石龙区'),
	(612, '1549', '41', '湛河区'),
	(613, '155', '13', '宣化县'),
	(614, '1550', '41', '宝丰县'),
	(615, '1551', '41', '叶　县'),
	(616, '1552', '41', '鲁山县'),
	(617, '1553', '41', '郏　县'),
	(618, '1554', '41', '舞钢市'),
	(619, '1555', '41', '汝州市'),
	(620, '1556', '41', '市辖区'),
	(621, '1557', '41', '文峰区'),
	(622, '1558', '41', '北关区'),
	(623, '1559', '41', '殷都区'),
	(624, '156', '13', '张北县'),
	(625, '1560', '41', '龙安区'),
	(626, '1561', '41', '安阳县'),
	(627, '1562', '41', '汤阴县'),
	(628, '1563', '41', '滑　县'),
	(629, '1564', '41', '内黄县'),
	(630, '1565', '41', '林州市'),
	(631, '1566', '41', '市辖区'),
	(632, '1567', '41', '鹤山区'),
	(633, '1568', '41', '山城区'),
	(634, '1569', '41', '淇滨区'),
	(635, '157', '13', '康保县'),
	(636, '1570', '41', '浚　县'),
	(637, '1571', '41', '淇　县'),
	(638, '1572', '41', '市辖区'),
	(639, '1573', '41', '红旗区'),
	(640, '1574', '41', '卫滨区'),
	(641, '1575', '41', '凤泉区'),
	(642, '1576', '41', '牧野区'),
	(643, '1577', '41', '新乡县'),
	(644, '1578', '41', '获嘉县'),
	(645, '1579', '41', '原阳县'),
	(646, '158', '13', '沽源县'),
	(647, '1580', '41', '延津县'),
	(648, '1581', '41', '封丘县'),
	(649, '1582', '41', '长垣县'),
	(650, '1583', '41', '卫辉市'),
	(651, '1584', '41', '辉县市'),
	(652, '1585', '41', '市辖区'),
	(653, '1586', '41', '解放区'),
	(654, '1587', '41', '中站区'),
	(655, '1588', '41', '马村区'),
	(656, '1589', '41', '山阳区'),
	(657, '159', '13', '尚义县'),
	(658, '1590', '41', '修武县'),
	(659, '1591', '41', '博爱县'),
	(660, '1592', '41', '武陟县'),
	(661, '1593', '41', '温　县'),
	(662, '1594', '41', '济源市'),
	(663, '1595', '41', '沁阳市'),
	(664, '1596', '41', '孟州市'),
	(665, '1597', '41', '市辖区'),
	(666, '1598', '41', '华龙区'),
	(667, '1599', '41', '清丰县'),
	(668, '16', '11', '平谷区'),
	(669, '160', '13', '蔚　县'),
	(670, '1600', '41', '南乐县'),
	(671, '1601', '41', '范　县'),
	(672, '1602', '41', '台前县'),
	(673, '1603', '41', '濮阳县'),
	(674, '1604', '41', '市辖区'),
	(675, '1605', '41', '魏都区'),
	(676, '1606', '41', '许昌县'),
	(677, '1607', '41', '鄢陵县'),
	(678, '1608', '41', '襄城县'),
	(679, '1609', '41', '禹州市'),
	(680, '161', '13', '阳原县'),
	(681, '1610', '41', '长葛市'),
	(682, '1611', '41', '市辖区'),
	(683, '1612', '41', '源汇区'),
	(684, '1613', '41', '郾城区'),
	(685, '1614', '41', '召陵区'),
	(686, '1615', '41', '舞阳县'),
	(687, '1616', '41', '临颍县'),
	(688, '1617', '41', '市辖区'),
	(689, '1618', '41', '湖滨区'),
	(690, '1619', '41', '渑池县'),
	(691, '162', '13', '怀安县'),
	(692, '1620', '41', '陕　县'),
	(693, '1621', '41', '卢氏县'),
	(694, '1622', '41', '义马市'),
	(695, '1623', '41', '灵宝市'),
	(696, '1624', '41', '市辖区'),
	(697, '1625', '41', '宛城区'),
	(698, '1626', '41', '卧龙区'),
	(699, '1627', '41', '南召县'),
	(700, '1628', '41', '方城县'),
	(701, '1629', '41', '西峡县'),
	(702, '163', '13', '万全县'),
	(703, '1630', '41', '镇平县'),
	(704, '1631', '41', '内乡县'),
	(705, '1632', '41', '淅川县'),
	(706, '1633', '41', '社旗县'),
	(707, '1634', '41', '唐河县'),
	(708, '1635', '41', '新野县'),
	(709, '1636', '41', '桐柏县'),
	(710, '1637', '41', '邓州市'),
	(711, '1638', '41', '市辖区'),
	(712, '1639', '41', '梁园区'),
	(713, '164', '13', '怀来县'),
	(714, '1640', '41', '睢阳区'),
	(715, '1641', '41', '民权县'),
	(716, '1642', '41', '睢　县'),
	(717, '1643', '41', '宁陵县'),
	(718, '1644', '41', '柘城县'),
	(719, '1645', '41', '虞城县'),
	(720, '1646', '41', '夏邑县'),
	(721, '1647', '41', '永城市'),
	(722, '1648', '41', '市辖区'),
	(723, '1649', '41', '师河区'),
	(724, '165', '13', '涿鹿县'),
	(725, '1650', '41', '平桥区'),
	(726, '1651', '41', '罗山县'),
	(727, '1652', '41', '光山县'),
	(728, '1653', '41', '新　县'),
	(729, '1654', '41', '商城县'),
	(730, '1655', '41', '固始县'),
	(731, '1656', '41', '潢川县'),
	(732, '1657', '41', '淮滨县'),
	(733, '1658', '41', '息　县'),
	(734, '1659', '41', '市辖区'),
	(735, '166', '13', '赤城县'),
	(736, '1660', '41', '川汇区'),
	(737, '1661', '41', '扶沟县'),
	(738, '1662', '41', '西华县'),
	(739, '1663', '41', '商水县'),
	(740, '1664', '41', '沈丘县'),
	(741, '1665', '41', '郸城县'),
	(742, '1666', '41', '淮阳县'),
	(743, '1667', '41', '太康县'),
	(744, '1668', '41', '鹿邑县'),
	(745, '1669', '41', '项城市'),
	(746, '167', '13', '崇礼县'),
	(747, '1670', '41', '市辖区'),
	(748, '1671', '41', '驿城区'),
	(749, '1672', '41', '西平县'),
	(750, '1673', '41', '上蔡县'),
	(751, '1674', '41', '平舆县'),
	(752, '1675', '41', '正阳县'),
	(753, '1676', '41', '确山县'),
	(754, '1677', '41', '泌阳县'),
	(755, '1678', '41', '汝南县'),
	(756, '1679', '41', '遂平县'),
	(757, '168', '13', '市辖区'),
	(758, '1680', '41', '新蔡县'),
	(759, '1681', '42', '市辖区'),
	(760, '1682', '42', '江岸区'),
	(761, '1683', '42', '江汉区'),
	(762, '1684', '42', '乔口区'),
	(763, '1685', '42', '汉阳区'),
	(764, '1686', '42', '武昌区'),
	(765, '1687', '42', '青山区'),
	(766, '1688', '42', '洪山区'),
	(767, '1689', '42', '东西湖区'),
	(768, '169', '13', '双桥区'),
	(769, '1690', '42', '汉南区'),
	(770, '1691', '42', '蔡甸区'),
	(771, '1692', '42', '江夏区'),
	(772, '1693', '42', '黄陂区'),
	(773, '1694', '42', '新洲区'),
	(774, '1695', '42', '市辖区'),
	(775, '1696', '42', '黄石港区'),
	(776, '1697', '42', '西塞山区'),
	(777, '1698', '42', '下陆区'),
	(778, '1699', '42', '铁山区'),
	(779, '17', '11', '密云县'),
	(780, '170', '13', '双滦区'),
	(781, '1700', '42', '阳新县'),
	(782, '1701', '42', '大冶市'),
	(783, '1702', '42', '市辖区'),
	(784, '1703', '42', '茅箭区'),
	(785, '1704', '42', '张湾区'),
	(786, '1705', '42', '郧　县'),
	(787, '1706', '42', '郧西县'),
	(788, '1707', '42', '竹山县'),
	(789, '1708', '42', '竹溪县'),
	(790, '1709', '42', '房　县'),
	(791, '171', '13', '鹰手营子矿区'),
	(792, '1710', '42', '丹江口市'),
	(793, '1711', '42', '市辖区'),
	(794, '1712', '42', '西陵区'),
	(795, '1713', '42', '伍家岗区'),
	(796, '1714', '42', '点军区'),
	(797, '1715', '42', '猇亭区'),
	(798, '1716', '42', '夷陵区'),
	(799, '1717', '42', '远安县'),
	(800, '1718', '42', '兴山县'),
	(801, '1719', '42', '秭归县'),
	(802, '172', '13', '承德县'),
	(803, '1720', '42', '长阳土家族自治县'),
	(804, '1721', '42', '五峰土家族自治县'),
	(805, '1722', '42', '宜都市'),
	(806, '1723', '42', '当阳市'),
	(807, '1724', '42', '枝江市'),
	(808, '1725', '42', '市辖区'),
	(809, '1726', '42', '襄城区'),
	(810, '1727', '42', '樊城区'),
	(811, '1728', '42', '襄阳区'),
	(812, '1729', '42', '南漳县'),
	(813, '173', '13', '兴隆县'),
	(814, '1730', '42', '谷城县'),
	(815, '1731', '42', '保康县'),
	(816, '1732', '42', '老河口市'),
	(817, '1733', '42', '枣阳市'),
	(818, '1734', '42', '宜城市'),
	(819, '1735', '42', '市辖区'),
	(820, '1736', '42', '梁子湖区'),
	(821, '1737', '42', '华容区'),
	(822, '1738', '42', '鄂城区'),
	(823, '1739', '42', '市辖区'),
	(824, '174', '13', '平泉县'),
	(825, '1740', '42', '东宝区'),
	(826, '1741', '42', '掇刀区'),
	(827, '1742', '42', '京山县'),
	(828, '1743', '42', '沙洋县'),
	(829, '1744', '42', '钟祥市'),
	(830, '1745', '42', '市辖区'),
	(831, '1746', '42', '孝南区'),
	(832, '1747', '42', '孝昌县'),
	(833, '1748', '42', '大悟县'),
	(834, '1749', '42', '云梦县'),
	(835, '175', '13', '滦平县'),
	(836, '1750', '42', '应城市'),
	(837, '1751', '42', '安陆市'),
	(838, '1752', '42', '汉川市'),
	(839, '1753', '42', '市辖区'),
	(840, '1754', '42', '沙市区'),
	(841, '1755', '42', '荆州区'),
	(842, '1756', '42', '公安县'),
	(843, '1757', '42', '监利县'),
	(844, '1758', '42', '江陵县'),
	(845, '1759', '42', '石首市'),
	(846, '176', '13', '隆化县'),
	(847, '1760', '42', '洪湖市'),
	(848, '1761', '42', '松滋市'),
	(849, '1762', '42', '市辖区'),
	(850, '1763', '42', '黄州区'),
	(851, '1764', '42', '团风县'),
	(852, '1765', '42', '红安县'),
	(853, '1766', '42', '罗田县'),
	(854, '1767', '42', '英山县'),
	(855, '1768', '42', '浠水县'),
	(856, '1769', '42', '蕲春县'),
	(857, '177', '13', '丰宁满族自治县'),
	(858, '1770', '42', '黄梅县'),
	(859, '1771', '42', '麻城市'),
	(860, '1772', '42', '武穴市'),
	(861, '1773', '42', '市辖区'),
	(862, '1774', '42', '咸安区'),
	(863, '1775', '42', '嘉鱼县'),
	(864, '1776', '42', '通城县'),
	(865, '1777', '42', '崇阳县'),
	(866, '1778', '42', '通山县'),
	(867, '1779', '42', '赤壁市'),
	(868, '178', '13', '宽城满族自治县'),
	(869, '1780', '42', '市辖区'),
	(870, '1781', '42', '曾都区'),
	(871, '1782', '42', '广水市'),
	(872, '1783', '42', '恩施市'),
	(873, '1784', '42', '利川市'),
	(874, '1785', '42', '建始县'),
	(875, '1786', '42', '巴东县'),
	(876, '1787', '42', '宣恩县'),
	(877, '1788', '42', '咸丰县'),
	(878, '1789', '42', '来凤县'),
	(879, '179', '13', '围场满族蒙古族自治县'),
	(880, '1790', '42', '鹤峰县'),
	(881, '1791', '42', '仙桃市'),
	(882, '1792', '42', '潜江市'),
	(883, '1793', '42', '天门市'),
	(884, '1794', '42', '神农架林区'),
	(885, '1795', '43', '市辖区'),
	(886, '1796', '43', '芙蓉区'),
	(887, '1797', '43', '天心区'),
	(888, '1798', '43', '岳麓区'),
	(889, '1799', '43', '开福区'),
	(890, '18', '11', '延庆县'),
	(891, '180', '13', '市辖区'),
	(892, '1800', '43', '雨花区'),
	(893, '1801', '43', '长沙县'),
	(894, '1802', '43', '望城县'),
	(895, '1803', '43', '宁乡县'),
	(896, '1804', '43', '浏阳市'),
	(897, '1805', '43', '市辖区'),
	(898, '1806', '43', '荷塘区'),
	(899, '1807', '43', '芦淞区'),
	(900, '1808', '43', '石峰区'),
	(901, '1809', '43', '天元区'),
	(902, '181', '13', '新华区'),
	(903, '1810', '43', '株洲县'),
	(904, '1811', '43', '攸　县'),
	(905, '1812', '43', '茶陵县'),
	(906, '1813', '43', '炎陵县'),
	(907, '1814', '43', '醴陵市'),
	(908, '1815', '43', '市辖区'),
	(909, '1816', '43', '雨湖区'),
	(910, '1817', '43', '岳塘区'),
	(911, '1818', '43', '湘潭县'),
	(912, '1819', '43', '湘乡市'),
	(913, '182', '13', '运河区'),
	(914, '1820', '43', '韶山市'),
	(915, '1821', '43', '市辖区'),
	(916, '1822', '43', '珠晖区'),
	(917, '1823', '43', '雁峰区'),
	(918, '1824', '43', '石鼓区'),
	(919, '1825', '43', '蒸湘区'),
	(920, '1826', '43', '南岳区'),
	(921, '1827', '43', '衡阳县'),
	(922, '1828', '43', '衡南县'),
	(923, '1829', '43', '衡山县'),
	(924, '183', '13', '沧　县'),
	(925, '1830', '43', '衡东县'),
	(926, '1831', '43', '祁东县'),
	(927, '1832', '43', '耒阳市'),
	(928, '1833', '43', '常宁市'),
	(929, '1834', '43', '市辖区'),
	(930, '1835', '43', '双清区'),
	(931, '1836', '43', '大祥区'),
	(932, '1837', '43', '北塔区'),
	(933, '1838', '43', '邵东县'),
	(934, '1839', '43', '新邵县'),
	(935, '184', '13', '青　县'),
	(936, '1840', '43', '邵阳县'),
	(937, '1841', '43', '隆回县'),
	(938, '1842', '43', '洞口县'),
	(939, '1843', '43', '绥宁县'),
	(940, '1844', '43', '新宁县'),
	(941, '1845', '43', '城步苗族自治县'),
	(942, '1846', '43', '武冈市'),
	(943, '1847', '43', '市辖区'),
	(944, '1848', '43', '岳阳楼区'),
	(945, '1849', '43', '云溪区'),
	(946, '185', '13', '东光县'),
	(947, '1850', '43', '君山区'),
	(948, '1851', '43', '岳阳县'),
	(949, '1852', '43', '华容县'),
	(950, '1853', '43', '湘阴县'),
	(951, '1854', '43', '平江县'),
	(952, '1855', '43', '汨罗市'),
	(953, '1856', '43', '临湘市'),
	(954, '1857', '43', '市辖区'),
	(955, '1858', '43', '武陵区'),
	(956, '1859', '43', '鼎城区'),
	(957, '186', '13', '海兴县'),
	(958, '1860', '43', '安乡县'),
	(959, '1861', '43', '汉寿县'),
	(960, '1862', '43', '澧　县'),
	(961, '1863', '43', '临澧县'),
	(962, '1864', '43', '桃源县'),
	(963, '1865', '43', '石门县'),
	(964, '1866', '43', '津市市'),
	(965, '1867', '43', '市辖区'),
	(966, '1868', '43', '永定区'),
	(967, '1869', '43', '武陵源区'),
	(968, '187', '13', '盐山县'),
	(969, '1870', '43', '慈利县'),
	(970, '1871', '43', '桑植县'),
	(971, '1872', '43', '市辖区'),
	(972, '1873', '43', '资阳区'),
	(973, '1874', '43', '赫山区'),
	(974, '1875', '43', '南　县'),
	(975, '1876', '43', '桃江县'),
	(976, '1877', '43', '安化县'),
	(977, '1878', '43', '沅江市'),
	(978, '1879', '43', '市辖区'),
	(979, '188', '13', '肃宁县'),
	(980, '1880', '43', '北湖区'),
	(981, '1881', '43', '苏仙区'),
	(982, '1882', '43', '桂阳县'),
	(983, '1883', '43', '宜章县'),
	(984, '1884', '43', '永兴县'),
	(985, '1885', '43', '嘉禾县'),
	(986, '1886', '43', '临武县'),
	(987, '1887', '43', '汝城县'),
	(988, '1888', '43', '桂东县'),
	(989, '1889', '43', '安仁县'),
	(990, '189', '13', '南皮县'),
	(991, '1890', '43', '资兴市'),
	(992, '1891', '43', '市辖区'),
	(993, '1892', '43', '芝山区'),
	(994, '1893', '43', '冷水滩区'),
	(995, '1894', '43', '祁阳县'),
	(996, '1895', '43', '东安县'),
	(997, '1896', '43', '双牌县'),
	(998, '1897', '43', '道　县'),
	(999, '1898', '43', '江永县'),
	(1000, '1899', '43', '宁远县'),
	(1001, '19', '12', '和平区'),
	(1002, '190', '13', '吴桥县'),
	(1003, '1900', '43', '蓝山县'),
	(1004, '1901', '43', '新田县'),
	(1005, '1902', '43', '江华瑶族自治县'),
	(1006, '1903', '43', '市辖区'),
	(1007, '1904', '43', '鹤城区'),
	(1008, '1905', '43', '中方县'),
	(1009, '1906', '43', '沅陵县'),
	(1010, '1907', '43', '辰溪县'),
	(1011, '1908', '43', '溆浦县'),
	(1012, '1909', '43', '会同县'),
	(1013, '191', '13', '献　县'),
	(1014, '1910', '43', '麻阳苗族自治县'),
	(1015, '1911', '43', '新晃侗族自治县'),
	(1016, '1912', '43', '芷江侗族自治县'),
	(1017, '1913', '43', '靖州苗族侗族自治县'),
	(1018, '1914', '43', '通道侗族自治县'),
	(1019, '1915', '43', '洪江市'),
	(1020, '1916', '43', '市辖区'),
	(1021, '1917', '43', '娄星区'),
	(1022, '1918', '43', '双峰县'),
	(1023, '1919', '43', '新化县'),
	(1024, '192', '13', '孟村回族自治县'),
	(1025, '1920', '43', '冷水江市'),
	(1026, '1921', '43', '涟源市'),
	(1027, '1922', '43', '吉首市'),
	(1028, '1923', '43', '泸溪县'),
	(1029, '1924', '43', '凤凰县'),
	(1030, '1925', '43', '花垣县'),
	(1031, '1926', '43', '保靖县'),
	(1032, '1927', '43', '古丈县'),
	(1033, '1928', '43', '永顺县'),
	(1034, '1929', '43', '龙山县'),
	(1035, '193', '13', '泊头市'),
	(1036, '1930', '44', '市辖区'),
	(1037, '1931', '44', '东山区'),
	(1038, '1932', '44', '荔湾区'),
	(1039, '1933', '44', '越秀区'),
	(1040, '1934', '44', '海珠区'),
	(1041, '1935', '44', '天河区'),
	(1042, '1936', '44', '芳村区'),
	(1043, '1937', '44', '白云区'),
	(1044, '1938', '44', '黄埔区'),
	(1045, '1939', '44', '番禺区'),
	(1046, '194', '13', '任丘市'),
	(1047, '1940', '44', '花都区'),
	(1048, '1941', '44', '增城市'),
	(1049, '1942', '44', '从化市'),
	(1050, '1943', '44', '市辖区'),
	(1051, '1944', '44', '武江区'),
	(1052, '1945', '44', '浈江区'),
	(1053, '1946', '44', '曲江区'),
	(1054, '1947', '44', '始兴县'),
	(1055, '1948', '44', '仁化县'),
	(1056, '1949', '44', '翁源县'),
	(1057, '195', '13', '黄骅市'),
	(1058, '1950', '44', '乳源瑶族自治县'),
	(1059, '1951', '44', '新丰县'),
	(1060, '1952', '44', '乐昌市'),
	(1061, '1953', '44', '南雄市'),
	(1062, '1954', '44', '市辖区'),
	(1063, '1955', '44', '罗湖区'),
	(1064, '1956', '44', '福田区'),
	(1065, '1957', '44', '南山区'),
	(1066, '1958', '44', '宝安区'),
	(1067, '1959', '44', '龙岗区'),
	(1068, '196', '13', '河间市'),
	(1069, '1960', '44', '盐田区'),
	(1070, '1961', '44', '市辖区'),
	(1071, '1962', '44', '香洲区'),
	(1072, '1963', '44', '斗门区'),
	(1073, '1964', '44', '金湾区'),
	(1074, '1965', '44', '市辖区'),
	(1075, '1966', '44', '龙湖区'),
	(1076, '1967', '44', '金平区'),
	(1077, '1968', '44', '濠江区'),
	(1078, '1969', '44', '潮阳区'),
	(1079, '197', '13', '市辖区'),
	(1080, '1970', '44', '潮南区'),
	(1081, '1971', '44', '澄海区'),
	(1082, '1972', '44', '南澳县'),
	(1083, '1973', '44', '市辖区'),
	(1084, '1974', '44', '禅城区'),
	(1085, '1975', '44', '南海区'),
	(1086, '1976', '44', '顺德区'),
	(1087, '1977', '44', '三水区'),
	(1088, '1978', '44', '高明区'),
	(1089, '1979', '44', '市辖区'),
	(1090, '198', '13', '安次区'),
	(1091, '1980', '44', '蓬江区'),
	(1092, '1981', '44', '江海区'),
	(1093, '1982', '44', '新会区'),
	(1094, '1983', '44', '台山市'),
	(1095, '1984', '44', '开平市'),
	(1096, '1985', '44', '鹤山市'),
	(1097, '1986', '44', '恩平市'),
	(1098, '1987', '44', '市辖区'),
	(1099, '1988', '44', '赤坎区'),
	(1100, '1989', '44', '霞山区'),
	(1101, '199', '13', '广阳区'),
	(1102, '1990', '44', '坡头区'),
	(1103, '1991', '44', '麻章区'),
	(1104, '1992', '44', '遂溪县'),
	(1105, '1993', '44', '徐闻县'),
	(1106, '1994', '44', '廉江市'),
	(1107, '1995', '44', '雷州市'),
	(1108, '1996', '44', '吴川市'),
	(1109, '1997', '44', '市辖区'),
	(1110, '1998', '44', '茂南区'),
	(1111, '1999', '44', '茂港区'),
	(1112, '2', '11', '西城区'),
	(1113, '20', '12', '河东区'),
	(1114, '200', '13', '固安县'),
	(1115, '2000', '44', '电白县'),
	(1116, '2001', '44', '高州市'),
	(1117, '2002', '44', '化州市'),
	(1118, '2003', '44', '信宜市'),
	(1119, '2004', '44', '市辖区'),
	(1120, '2005', '44', '端州区'),
	(1121, '2006', '44', '鼎湖区'),
	(1122, '2007', '44', '广宁县'),
	(1123, '2008', '44', '怀集县'),
	(1124, '2009', '44', '封开县'),
	(1125, '201', '13', '永清县'),
	(1126, '2010', '44', '德庆县'),
	(1127, '2011', '44', '高要市'),
	(1128, '2012', '44', '四会市'),
	(1129, '2013', '44', '市辖区'),
	(1130, '2014', '44', '惠城区'),
	(1131, '2015', '44', '惠阳区'),
	(1132, '2016', '44', '博罗县'),
	(1133, '2017', '44', '惠东县'),
	(1134, '2018', '44', '龙门县'),
	(1135, '2019', '44', '市辖区'),
	(1136, '202', '13', '香河县'),
	(1137, '2020', '44', '梅江区'),
	(1138, '2021', '44', '梅　县'),
	(1139, '2022', '44', '大埔县'),
	(1140, '2023', '44', '丰顺县'),
	(1141, '2024', '44', '五华县'),
	(1142, '2025', '44', '平远县'),
	(1143, '2026', '44', '蕉岭县'),
	(1144, '2027', '44', '兴宁市'),
	(1145, '2028', '44', '市辖区'),
	(1146, '2029', '44', '城　区'),
	(1147, '203', '13', '大城县'),
	(1148, '2030', '44', '海丰县'),
	(1149, '2031', '44', '陆河县'),
	(1150, '2032', '44', '陆丰市'),
	(1151, '2033', '44', '市辖区'),
	(1152, '2034', '44', '源城区'),
	(1153, '2035', '44', '紫金县'),
	(1154, '2036', '44', '龙川县'),
	(1155, '2037', '44', '连平县'),
	(1156, '2038', '44', '和平县'),
	(1157, '2039', '44', '东源县'),
	(1158, '204', '13', '文安县'),
	(1159, '2040', '44', '市辖区'),
	(1160, '2041', '44', '江城区'),
	(1161, '2042', '44', '阳西县'),
	(1162, '2043', '44', '阳东县'),
	(1163, '2044', '44', '阳春市'),
	(1164, '2045', '44', '市辖区'),
	(1165, '2046', '44', '清城区'),
	(1166, '2047', '44', '佛冈县'),
	(1167, '2048', '44', '阳山县'),
	(1168, '2049', '44', '连山壮族瑶族自治县'),
	(1169, '205', '13', '大厂回族自治县'),
	(1170, '2050', '44', '连南瑶族自治县'),
	(1171, '2051', '44', '清新县'),
	(1172, '2052', '44', '英德市'),
	(1173, '2053', '44', '连州市'),
	(1174, '2054', '44', '市辖区'),
	(1175, '2055', '44', '湘桥区'),
	(1176, '2056', '44', '潮安县'),
	(1177, '2057', '44', '饶平县'),
	(1178, '2058', '44', '市辖区'),
	(1179, '2059', '44', '榕城区'),
	(1180, '206', '13', '霸州市'),
	(1181, '2060', '44', '揭东县'),
	(1182, '2061', '44', '揭西县'),
	(1183, '2062', '44', '惠来县'),
	(1184, '2063', '44', '普宁市'),
	(1185, '2064', '44', '市辖区'),
	(1186, '2065', '44', '云城区'),
	(1187, '2066', '44', '新兴县'),
	(1188, '2067', '44', '郁南县'),
	(1189, '2068', '44', '云安县'),
	(1190, '2069', '44', '罗定市'),
	(1191, '207', '13', '三河市'),
	(1192, '2070', '45', '市辖区'),
	(1193, '2071', '45', '兴宁区'),
	(1194, '2072', '45', '青秀区'),
	(1195, '2073', '45', '江南区'),
	(1196, '2074', '45', '西乡塘区'),
	(1197, '2075', '45', '良庆区'),
	(1198, '2076', '45', '邕宁区'),
	(1199, '2077', '45', '武鸣县'),
	(1200, '2078', '45', '隆安县'),
	(1201, '2079', '45', '马山县'),
	(1202, '208', '13', '市辖区'),
	(1203, '2080', '45', '上林县'),
	(1204, '2081', '45', '宾阳县'),
	(1205, '2082', '45', '横　县'),
	(1206, '2083', '45', '市辖区'),
	(1207, '2084', '45', '城中区'),
	(1208, '2085', '45', '鱼峰区'),
	(1209, '2086', '45', '柳南区'),
	(1210, '2087', '45', '柳北区'),
	(1211, '2088', '45', '柳江县'),
	(1212, '2089', '45', '柳城县'),
	(1213, '209', '13', '桃城区'),
	(1214, '2090', '45', '鹿寨县'),
	(1215, '2091', '45', '融安县'),
	(1216, '2092', '45', '融水苗族自治县'),
	(1217, '2093', '45', '三江侗族自治县'),
	(1218, '2094', '45', '市辖区'),
	(1219, '2095', '45', '秀峰区'),
	(1220, '2096', '45', '叠彩区'),
	(1221, '2097', '45', '象山区'),
	(1222, '2098', '45', '七星区'),
	(1223, '2099', '45', '雁山区'),
	(1224, '21', '12', '河西区'),
	(1225, '210', '13', '枣强县'),
	(1226, '2100', '45', '阳朔县'),
	(1227, '2101', '45', '临桂县'),
	(1228, '2102', '45', '灵川县'),
	(1229, '2103', '45', '全州县'),
	(1230, '2104', '45', '兴安县'),
	(1231, '2105', '45', '永福县'),
	(1232, '2106', '45', '灌阳县'),
	(1233, '2107', '45', '龙胜各族自治县'),
	(1234, '2108', '45', '资源县'),
	(1235, '2109', '45', '平乐县'),
	(1236, '211', '13', '武邑县'),
	(1237, '2110', '45', '荔蒲县'),
	(1238, '2111', '45', '恭城瑶族自治县'),
	(1239, '2112', '45', '市辖区'),
	(1240, '2113', '45', '万秀区'),
	(1241, '2114', '45', '蝶山区'),
	(1242, '2115', '45', '长洲区'),
	(1243, '2116', '45', '苍梧县'),
	(1244, '2117', '45', '藤　县'),
	(1245, '2118', '45', '蒙山县'),
	(1246, '2119', '45', '岑溪市'),
	(1247, '212', '13', '武强县'),
	(1248, '2120', '45', '市辖区'),
	(1249, '2121', '45', '海城区'),
	(1250, '2122', '45', '银海区'),
	(1251, '2123', '45', '铁山港区'),
	(1252, '2124', '45', '合浦县'),
	(1253, '2125', '45', '市辖区'),
	(1254, '2126', '45', '港口区'),
	(1255, '2127', '45', '防城区'),
	(1256, '2128', '45', '上思县'),
	(1257, '2129', '45', '东兴市'),
	(1258, '213', '13', '饶阳县'),
	(1259, '2130', '45', '市辖区'),
	(1260, '2131', '45', '钦南区'),
	(1261, '2132', '45', '钦北区'),
	(1262, '2133', '45', '灵山县'),
	(1263, '2134', '45', '浦北县'),
	(1264, '2135', '45', '市辖区'),
	(1265, '2136', '45', '港北区'),
	(1266, '2137', '45', '港南区'),
	(1267, '2138', '45', '覃塘区'),
	(1268, '2139', '45', '平南县'),
	(1269, '214', '13', '安平县'),
	(1270, '2140', '45', '桂平市'),
	(1271, '2141', '45', '市辖区'),
	(1272, '2142', '45', '玉州区'),
	(1273, '2143', '45', '容　县'),
	(1274, '2144', '45', '陆川县'),
	(1275, '2145', '45', '博白县'),
	(1276, '2146', '45', '兴业县'),
	(1277, '2147', '45', '北流市'),
	(1278, '2148', '45', '市辖区'),
	(1279, '2149', '45', '右江区'),
	(1280, '215', '13', '故城县'),
	(1281, '2150', '45', '田阳县'),
	(1282, '2151', '45', '田东县'),
	(1283, '2152', '45', '平果县'),
	(1284, '2153', '45', '德保县'),
	(1285, '2154', '45', '靖西县'),
	(1286, '2155', '45', '那坡县'),
	(1287, '2156', '45', '凌云县'),
	(1288, '2157', '45', '乐业县'),
	(1289, '2158', '45', '田林县'),
	(1290, '2159', '45', '西林县'),
	(1291, '216', '13', '景　县'),
	(1292, '2160', '45', '隆林各族自治县'),
	(1293, '2161', '45', '市辖区'),
	(1294, '2162', '45', '八步区'),
	(1295, '2163', '45', '昭平县'),
	(1296, '2164', '45', '钟山县'),
	(1297, '2165', '45', '富川瑶族自治县'),
	(1298, '2166', '45', '市辖区'),
	(1299, '2167', '45', '金城江区'),
	(1300, '2168', '45', '南丹县'),
	(1301, '2169', '45', '天峨县'),
	(1302, '217', '13', '阜城县'),
	(1303, '2170', '45', '凤山县'),
	(1304, '2171', '45', '东兰县'),
	(1305, '2172', '45', '罗城仫佬族自治县'),
	(1306, '2173', '45', '环江毛南族自治县'),
	(1307, '2174', '45', '巴马瑶族自治县'),
	(1308, '2175', '45', '都安瑶族自治县'),
	(1309, '2176', '45', '大化瑶族自治县'),
	(1310, '2177', '45', '宜州市'),
	(1311, '2178', '45', '市辖区'),
	(1312, '2179', '45', '兴宾区'),
	(1313, '218', '13', '冀州市'),
	(1314, '2180', '45', '忻城县'),
	(1315, '2181', '45', '象州县'),
	(1316, '2182', '45', '武宣县'),
	(1317, '2183', '45', '金秀瑶族自治县'),
	(1318, '2184', '45', '合山市'),
	(1319, '2185', '45', '市辖区'),
	(1320, '2186', '45', '江洲区'),
	(1321, '2187', '45', '扶绥县'),
	(1322, '2188', '45', '宁明县'),
	(1323, '2189', '45', '龙州县'),
	(1324, '219', '13', '深州市'),
	(1325, '2190', '45', '大新县'),
	(1326, '2191', '45', '天等县'),
	(1327, '2192', '45', '凭祥市'),
	(1328, '2193', '46', '市辖区'),
	(1329, '2194', '46', '秀英区'),
	(1330, '2195', '46', '龙华区'),
	(1331, '2196', '46', '琼山区'),
	(1332, '2197', '46', '美兰区'),
	(1333, '2198', '46', '市辖区'),
	(1334, '2199', '46', '五指山市'),
	(1335, '22', '12', '南开区'),
	(1336, '220', '14', '市辖区'),
	(1337, '2200', '46', '琼海市'),
	(1338, '2201', '46', '儋州市'),
	(1339, '2202', '46', '文昌市'),
	(1340, '2203', '46', '万宁市'),
	(1341, '2204', '46', '东方市'),
	(1342, '2205', '46', '定安县'),
	(1343, '2206', '46', '屯昌县'),
	(1344, '2207', '46', '澄迈县'),
	(1345, '2208', '46', '临高县'),
	(1346, '2209', '46', '白沙黎族自治县'),
	(1347, '221', '14', '小店区'),
	(1348, '2210', '46', '昌江黎族自治县'),
	(1349, '2211', '46', '乐东黎族自治县'),
	(1350, '2212', '46', '陵水黎族自治县'),
	(1351, '2213', '46', '保亭黎族苗族自治县'),
	(1352, '2214', '46', '琼中黎族苗族自治县'),
	(1353, '2215', '46', '西沙群岛'),
	(1354, '2216', '46', '南沙群岛'),
	(1355, '2217', '46', '中沙群岛的岛礁及其海域'),
	(1356, '2218', '50', '万州区'),
	(1357, '2219', '50', '涪陵区'),
	(1358, '222', '14', '迎泽区'),
	(1359, '2220', '50', '渝中区'),
	(1360, '2221', '50', '大渡口区'),
	(1361, '2222', '50', '江北区'),
	(1362, '2223', '50', '沙坪坝区'),
	(1363, '2224', '50', '九龙坡区'),
	(1364, '2225', '50', '南岸区'),
	(1365, '2226', '50', '北碚区'),
	(1366, '2227', '50', '万盛区'),
	(1367, '2228', '50', '双桥区'),
	(1368, '2229', '50', '渝北区'),
	(1369, '223', '14', '杏花岭区'),
	(1370, '2230', '50', '巴南区'),
	(1371, '2231', '50', '黔江区'),
	(1372, '2232', '50', '长寿区'),
	(1373, '2233', '50', '綦江县'),
	(1374, '2234', '50', '潼南县'),
	(1375, '2235', '50', '铜梁县'),
	(1376, '2236', '50', '大足县'),
	(1377, '2237', '50', '荣昌县'),
	(1378, '2238', '50', '璧山县'),
	(1379, '2239', '50', '梁平县'),
	(1380, '224', '14', '尖草坪区'),
	(1381, '2240', '50', '城口县'),
	(1382, '2241', '50', '丰都县'),
	(1383, '2242', '50', '垫江县'),
	(1384, '2243', '50', '武隆县'),
	(1385, '2244', '50', '忠　县'),
	(1386, '2245', '50', '开　县'),
	(1387, '2246', '50', '云阳县'),
	(1388, '2247', '50', '奉节县'),
	(1389, '2248', '50', '巫山县'),
	(1390, '2249', '50', '巫溪县'),
	(1391, '225', '14', '万柏林区'),
	(1392, '2250', '50', '石柱土家族自治县'),
	(1393, '2251', '50', '秀山土家族苗族自治县'),
	(1394, '2252', '50', '酉阳土家族苗族自治县'),
	(1395, '2253', '50', '彭水苗族土家族自治县'),
	(1396, '2254', '50', '江津市'),
	(1397, '2255', '50', '合川市'),
	(1398, '2256', '50', '永川市'),
	(1399, '2257', '50', '南川市'),
	(1400, '2258', '51', '市辖区'),
	(1401, '2259', '51', '锦江区'),
	(1402, '226', '14', '晋源区'),
	(1403, '2260', '51', '青羊区'),
	(1404, '2261', '51', '金牛区'),
	(1405, '2262', '51', '武侯区'),
	(1406, '2263', '51', '成华区'),
	(1407, '2264', '51', '龙泉驿区'),
	(1408, '2265', '51', '青白江区'),
	(1409, '2266', '51', '新都区'),
	(1410, '2267', '51', '温江县'),
	(1411, '2268', '51', '金堂县'),
	(1412, '2269', '51', '双流县'),
	(1413, '227', '14', '清徐县'),
	(1414, '2270', '51', '郫　县'),
	(1415, '2271', '51', '大邑县'),
	(1416, '2272', '51', '蒲江县'),
	(1417, '2273', '51', '新津县'),
	(1418, '2274', '51', '都江堰市'),
	(1419, '2275', '51', '彭州市'),
	(1420, '2276', '51', '邛崃市'),
	(1421, '2277', '51', '崇州市'),
	(1422, '2278', '51', '市辖区'),
	(1423, '2279', '51', '自流井区'),
	(1424, '228', '14', '阳曲县'),
	(1425, '2280', '51', '贡井区'),
	(1426, '2281', '51', '大安区'),
	(1427, '2282', '51', '沿滩区'),
	(1428, '2283', '51', '荣　县'),
	(1429, '2284', '51', '富顺县'),
	(1430, '2285', '51', '市辖区'),
	(1431, '2286', '51', '东　区'),
	(1432, '2287', '51', '西　区'),
	(1433, '2288', '51', '仁和区'),
	(1434, '2289', '51', '米易县'),
	(1435, '229', '14', '娄烦县'),
	(1436, '2290', '51', '盐边县'),
	(1437, '2291', '51', '市辖区'),
	(1438, '2292', '51', '江阳区'),
	(1439, '2293', '51', '纳溪区'),
	(1440, '2294', '51', '龙马潭区'),
	(1441, '2295', '51', '泸　县'),
	(1442, '2296', '51', '合江县'),
	(1443, '2297', '51', '叙永县'),
	(1444, '2298', '51', '古蔺县'),
	(1445, '2299', '51', '市辖区'),
	(1446, '23', '12', '河北区'),
	(1447, '230', '14', '古交市'),
	(1448, '2300', '51', '旌阳区'),
	(1449, '2301', '51', '中江县'),
	(1450, '2302', '51', '罗江县'),
	(1451, '2303', '51', '广汉市'),
	(1452, '2304', '51', '什邡市'),
	(1453, '2305', '51', '绵竹市'),
	(1454, '2306', '51', '市辖区'),
	(1455, '2307', '51', '涪城区'),
	(1456, '2308', '51', '游仙区'),
	(1457, '2309', '51', '三台县'),
	(1458, '231', '14', '市辖区'),
	(1459, '2310', '51', '盐亭县'),
	(1460, '2311', '51', '安　县'),
	(1461, '2312', '51', '梓潼县'),
	(1462, '2313', '51', '北川羌族自治县'),
	(1463, '2314', '51', '平武县'),
	(1464, '2315', '51', '江油市'),
	(1465, '2316', '51', '市辖区'),
	(1466, '2317', '51', '市中区'),
	(1467, '2318', '51', '元坝区'),
	(1468, '2319', '51', '朝天区'),
	(1469, '232', '14', '城　区'),
	(1470, '2320', '51', '旺苍县'),
	(1471, '2321', '51', '青川县'),
	(1472, '2322', '51', '剑阁县'),
	(1473, '2323', '51', '苍溪县'),
	(1474, '2324', '51', '市辖区'),
	(1475, '2325', '51', '船山区'),
	(1476, '2326', '51', '安居区'),
	(1477, '2327', '51', '蓬溪县'),
	(1478, '2328', '51', '射洪县'),
	(1479, '2329', '51', '大英县'),
	(1480, '233', '14', '矿　区'),
	(1481, '2330', '51', '市辖区'),
	(1482, '2331', '51', '市中区'),
	(1483, '2332', '51', '东兴区'),
	(1484, '2333', '51', '威远县'),
	(1485, '2334', '51', '资中县'),
	(1486, '2335', '51', '隆昌县'),
	(1487, '2336', '51', '市辖区'),
	(1488, '2337', '51', '市中区'),
	(1489, '2338', '51', '沙湾区'),
	(1490, '2339', '51', '五通桥区'),
	(1491, '234', '14', '南郊区'),
	(1492, '2340', '51', '金口河区'),
	(1493, '2341', '51', '犍为县'),
	(1494, '2342', '51', '井研县'),
	(1495, '2343', '51', '夹江县'),
	(1496, '2344', '51', '沐川县'),
	(1497, '2345', '51', '峨边彝族自治县'),
	(1498, '2346', '51', '马边彝族自治县'),
	(1499, '2347', '51', '峨眉山市'),
	(1500, '2348', '51', '市辖区'),
	(1501, '2349', '51', '顺庆区'),
	(1502, '235', '14', '新荣区'),
	(1503, '2350', '51', '高坪区'),
	(1504, '2351', '51', '嘉陵区'),
	(1505, '2352', '51', '南部县'),
	(1506, '2353', '51', '营山县'),
	(1507, '2354', '51', '蓬安县'),
	(1508, '2355', '51', '仪陇县'),
	(1509, '2356', '51', '西充县'),
	(1510, '2357', '51', '阆中市'),
	(1511, '2358', '51', '市辖区'),
	(1512, '2359', '51', '东坡区'),
	(1513, '236', '14', '阳高县'),
	(1514, '2360', '51', '仁寿县'),
	(1515, '2361', '51', '彭山县'),
	(1516, '2362', '51', '洪雅县'),
	(1517, '2363', '51', '丹棱县'),
	(1518, '2364', '51', '青神县'),
	(1519, '2365', '51', '市辖区'),
	(1520, '2366', '51', '翠屏区'),
	(1521, '2367', '51', '宜宾县'),
	(1522, '2368', '51', '南溪县'),
	(1523, '2369', '51', '江安县'),
	(1524, '237', '14', '天镇县'),
	(1525, '2370', '51', '长宁县'),
	(1526, '2371', '51', '高　县'),
	(1527, '2372', '51', '珙　县'),
	(1528, '2373', '51', '筠连县'),
	(1529, '2374', '51', '兴文县'),
	(1530, '2375', '51', '屏山县'),
	(1531, '2376', '51', '市辖区'),
	(1532, '2377', '51', '广安区'),
	(1533, '2378', '51', '岳池县'),
	(1534, '2379', '51', '武胜县'),
	(1535, '238', '14', '广灵县'),
	(1536, '2380', '51', '邻水县'),
	(1537, '2381', '51', '华莹市'),
	(1538, '2382', '51', '市辖区'),
	(1539, '2383', '51', '通川区'),
	(1540, '2384', '51', '达　县'),
	(1541, '2385', '51', '宣汉县'),
	(1542, '2386', '51', '开江县'),
	(1543, '2387', '51', '大竹县'),
	(1544, '2388', '51', '渠　县'),
	(1545, '2389', '51', '万源市'),
	(1546, '239', '14', '灵丘县'),
	(1547, '2390', '51', '市辖区'),
	(1548, '2391', '51', '雨城区'),
	(1549, '2392', '51', '名山县'),
	(1550, '2393', '51', '荥经县'),
	(1551, '2394', '51', '汉源县'),
	(1552, '2395', '51', '石棉县'),
	(1553, '2396', '51', '天全县'),
	(1554, '2397', '51', '芦山县'),
	(1555, '2398', '51', '宝兴县'),
	(1556, '2399', '51', '市辖区'),
	(1557, '24', '12', '红桥区'),
	(1558, '240', '14', '浑源县'),
	(1559, '2400', '51', '巴州区'),
	(1560, '2401', '51', '通江县'),
	(1561, '2402', '51', '南江县'),
	(1562, '2403', '51', '平昌县'),
	(1563, '2404', '51', '市辖区'),
	(1564, '2405', '51', '雁江区'),
	(1565, '2406', '51', '安岳县'),
	(1566, '2407', '51', '乐至县'),
	(1567, '2408', '51', '简阳市'),
	(1568, '2409', '51', '汶川县'),
	(1569, '241', '14', '左云县'),
	(1570, '2410', '51', '理　县'),
	(1571, '2411', '51', '茂　县'),
	(1572, '2412', '51', '松潘县'),
	(1573, '2413', '51', '九寨沟县'),
	(1574, '2414', '51', '金川县'),
	(1575, '2415', '51', '小金县'),
	(1576, '2416', '51', '黑水县'),
	(1577, '2417', '51', '马尔康县'),
	(1578, '2418', '51', '壤塘县'),
	(1579, '2419', '51', '阿坝县'),
	(1580, '242', '14', '大同县'),
	(1581, '2420', '51', '若尔盖县'),
	(1582, '2421', '51', '红原县'),
	(1583, '2422', '51', '康定县'),
	(1584, '2423', '51', '泸定县'),
	(1585, '2424', '51', '丹巴县'),
	(1586, '2425', '51', '九龙县'),
	(1587, '2426', '51', '雅江县'),
	(1588, '2427', '51', '道孚县'),
	(1589, '2428', '51', '炉霍县'),
	(1590, '2429', '51', '甘孜县'),
	(1591, '243', '14', '市辖区'),
	(1592, '2430', '51', '新龙县'),
	(1593, '2431', '51', '德格县'),
	(1594, '2432', '51', '白玉县'),
	(1595, '2433', '51', '石渠县'),
	(1596, '2434', '51', '色达县'),
	(1597, '2435', '51', '理塘县'),
	(1598, '2436', '51', '巴塘县'),
	(1599, '2437', '51', '乡城县'),
	(1600, '2438', '51', '稻城县'),
	(1601, '2439', '51', '得荣县'),
	(1602, '244', '14', '城　区'),
	(1603, '2440', '51', '西昌市'),
	(1604, '2441', '51', '木里藏族自治县'),
	(1605, '2442', '51', '盐源县'),
	(1606, '2443', '51', '德昌县'),
	(1607, '2444', '51', '会理县'),
	(1608, '2445', '51', '会东县'),
	(1609, '2446', '51', '宁南县'),
	(1610, '2447', '51', '普格县'),
	(1611, '2448', '51', '布拖县'),
	(1612, '2449', '51', '金阳县'),
	(1613, '245', '14', '矿　区'),
	(1614, '2450', '51', '昭觉县'),
	(1615, '2451', '51', '喜德县'),
	(1616, '2452', '51', '冕宁县'),
	(1617, '2453', '51', '越西县'),
	(1618, '2454', '51', '甘洛县'),
	(1619, '2455', '51', '美姑县'),
	(1620, '2456', '51', '雷波县'),
	(1621, '2457', '52', '市辖区'),
	(1622, '2458', '52', '南明区'),
	(1623, '2459', '52', '云岩区'),
	(1624, '246', '14', '郊　区'),
	(1625, '2460', '52', '花溪区'),
	(1626, '2461', '52', '乌当区'),
	(1627, '2462', '52', '白云区'),
	(1628, '2463', '52', '小河区'),
	(1629, '2464', '52', '开阳县'),
	(1630, '2465', '52', '息烽县'),
	(1631, '2466', '52', '修文县'),
	(1632, '2467', '52', '清镇市'),
	(1633, '2468', '52', '钟山区'),
	(1634, '2469', '52', '六枝特区'),
	(1635, '247', '14', '平定县'),
	(1636, '2470', '52', '水城县'),
	(1637, '2471', '52', '盘　县'),
	(1638, '2472', '52', '市辖区'),
	(1639, '2473', '52', '红花岗区'),
	(1640, '2474', '52', '汇川区'),
	(1641, '2475', '52', '遵义县'),
	(1642, '2476', '52', '桐梓县'),
	(1643, '2477', '52', '绥阳县'),
	(1644, '2478', '52', '正安县'),
	(1645, '2479', '52', '道真仡佬族苗族自治县'),
	(1646, '248', '14', '盂　县'),
	(1647, '2480', '52', '务川仡佬族苗族自治县'),
	(1648, '2481', '52', '凤冈县'),
	(1649, '2482', '52', '湄潭县'),
	(1650, '2483', '52', '余庆县'),
	(1651, '2484', '52', '习水县'),
	(1652, '2485', '52', '赤水市'),
	(1653, '2486', '52', '仁怀市'),
	(1654, '2487', '52', '市辖区'),
	(1655, '2488', '52', '西秀区'),
	(1656, '2489', '52', '平坝县'),
	(1657, '249', '14', '市辖区'),
	(1658, '2490', '52', '普定县'),
	(1659, '2491', '52', '镇宁布依族苗族自治县'),
	(1660, '2492', '52', '关岭布依族苗族自治县'),
	(1661, '2493', '52', '紫云苗族布依族自治县'),
	(1662, '2494', '52', '铜仁市'),
	(1663, '2495', '52', '江口县'),
	(1664, '2496', '52', '玉屏侗族自治县'),
	(1665, '2497', '52', '石阡县'),
	(1666, '2498', '52', '思南县'),
	(1667, '2499', '52', '印江土家族苗族自治县'),
	(1668, '25', '12', '塘沽区'),
	(1669, '250', '14', '城　区'),
	(1670, '2500', '52', '德江县'),
	(1671, '2501', '52', '沿河土家族自治县'),
	(1672, '2502', '52', '松桃苗族自治县'),
	(1673, '2503', '52', '万山特区'),
	(1674, '2504', '52', '兴义市'),
	(1675, '2505', '52', '兴仁县'),
	(1676, '2506', '52', '普安县'),
	(1677, '2507', '52', '晴隆县'),
	(1678, '2508', '52', '贞丰县'),
	(1679, '2509', '52', '望谟县'),
	(1680, '251', '14', '郊　区'),
	(1681, '2510', '52', '册亨县'),
	(1682, '2511', '52', '安龙县'),
	(1683, '2512', '52', '毕节市'),
	(1684, '2513', '52', '大方县'),
	(1685, '2514', '52', '黔西县'),
	(1686, '2515', '52', '金沙县'),
	(1687, '2516', '52', '织金县'),
	(1688, '2517', '52', '纳雍县'),
	(1689, '2518', '52', '威宁彝族回族苗族自治县'),
	(1690, '2519', '52', '赫章县'),
	(1691, '252', '14', '长治县'),
	(1692, '2520', '52', '凯里市'),
	(1693, '2521', '52', '黄平县'),
	(1694, '2522', '52', '施秉县'),
	(1695, '2523', '52', '三穗县'),
	(1696, '2524', '52', '镇远县'),
	(1697, '2525', '52', '岑巩县'),
	(1698, '2526', '52', '天柱县'),
	(1699, '2527', '52', '锦屏县'),
	(1700, '2528', '52', '剑河县'),
	(1701, '2529', '52', '台江县'),
	(1702, '253', '14', '襄垣县'),
	(1703, '2530', '52', '黎平县'),
	(1704, '2531', '52', '榕江县'),
	(1705, '2532', '52', '从江县'),
	(1706, '2533', '52', '雷山县'),
	(1707, '2534', '52', '麻江县'),
	(1708, '2535', '52', '丹寨县'),
	(1709, '2536', '52', '都匀市'),
	(1710, '2537', '52', '福泉市'),
	(1711, '2538', '52', '荔波县'),
	(1712, '2539', '52', '贵定县'),
	(1713, '254', '14', '屯留县'),
	(1714, '2540', '52', '瓮安县'),
	(1715, '2541', '52', '独山县'),
	(1716, '2542', '52', '平塘县'),
	(1717, '2543', '52', '罗甸县'),
	(1718, '2544', '52', '长顺县'),
	(1719, '2545', '52', '龙里县'),
	(1720, '2546', '52', '惠水县'),
	(1721, '2547', '52', '三都水族自治县'),
	(1722, '2548', '53', '市辖区'),
	(1723, '2549', '53', '五华区'),
	(1724, '255', '14', '平顺县'),
	(1725, '2550', '53', '盘龙区'),
	(1726, '2551', '53', '官渡区'),
	(1727, '2552', '53', '西山区'),
	(1728, '2553', '53', '东川区'),
	(1729, '2554', '53', '呈贡县'),
	(1730, '2555', '53', '晋宁县'),
	(1731, '2556', '53', '富民县'),
	(1732, '2557', '53', '宜良县'),
	(1733, '2558', '53', '石林彝族自治县'),
	(1734, '2559', '53', '嵩明县'),
	(1735, '256', '14', '黎城县'),
	(1736, '2560', '53', '禄劝彝族苗族自治县'),
	(1737, '2561', '53', '寻甸回族彝族自治县'),
	(1738, '2562', '53', '安宁市'),
	(1739, '2563', '53', '市辖区'),
	(1740, '2564', '53', '麒麟区'),
	(1741, '2565', '53', '马龙县'),
	(1742, '2566', '53', '陆良县'),
	(1743, '2567', '53', '师宗县'),
	(1744, '2568', '53', '罗平县'),
	(1745, '2569', '53', '富源县'),
	(1746, '257', '14', '壶关县'),
	(1747, '2570', '53', '会泽县'),
	(1748, '2571', '53', '沾益县'),
	(1749, '2572', '53', '宣威市'),
	(1750, '2573', '53', '市辖区'),
	(1751, '2574', '53', '红塔区'),
	(1752, '2575', '53', '江川县'),
	(1753, '2576', '53', '澄江县'),
	(1754, '2577', '53', '通海县'),
	(1755, '2578', '53', '华宁县'),
	(1756, '2579', '53', '易门县'),
	(1757, '258', '14', '长子县'),
	(1758, '2580', '53', '峨山彝族自治县'),
	(1759, '2581', '53', '新平彝族傣族自治县'),
	(1760, '2582', '53', '元江哈尼族彝族傣族自治县'),
	(1761, '2583', '53', '市辖区'),
	(1762, '2584', '53', '隆阳区'),
	(1763, '2585', '53', '施甸县'),
	(1764, '2586', '53', '腾冲县'),
	(1765, '2587', '53', '龙陵县'),
	(1766, '2588', '53', '昌宁县'),
	(1767, '2589', '53', '市辖区'),
	(1768, '259', '14', '武乡县'),
	(1769, '2590', '53', '昭阳区'),
	(1770, '2591', '53', '鲁甸县'),
	(1771, '2592', '53', '巧家县'),
	(1772, '2593', '53', '盐津县'),
	(1773, '2594', '53', '大关县'),
	(1774, '2595', '53', '永善县'),
	(1775, '2596', '53', '绥江县'),
	(1776, '2597', '53', '镇雄县'),
	(1777, '2598', '53', '彝良县'),
	(1778, '2599', '53', '威信县'),
	(1779, '26', '12', '汉沽区'),
	(1780, '260', '14', '沁　县'),
	(1781, '2600', '53', '水富县'),
	(1782, '2601', '53', '市辖区'),
	(1783, '2602', '53', '古城区'),
	(1784, '2603', '53', '玉龙纳西族自治县'),
	(1785, '2604', '53', '永胜县'),
	(1786, '2605', '53', '华坪县'),
	(1787, '2606', '53', '宁蒗彝族自治县'),
	(1788, '2607', '53', '市辖区'),
	(1789, '2608', '53', '翠云区'),
	(1790, '2609', '53', '普洱哈尼族彝族自治县'),
	(1791, '261', '14', '沁源县'),
	(1792, '2610', '53', '墨江哈尼族自治县'),
	(1793, '2611', '53', '景东彝族自治县'),
	(1794, '2612', '53', '景谷傣族彝族自治县'),
	(1795, '2613', '53', '镇沅彝族哈尼族拉祜族自治县'),
	(1796, '2614', '53', '江城哈尼族彝族自治县'),
	(1797, '2615', '53', '孟连傣族拉祜族佤族自治县'),
	(1798, '2616', '53', '澜沧拉祜族自治县'),
	(1799, '2617', '53', '西盟佤族自治县'),
	(1800, '2618', '53', '市辖区'),
	(1801, '2619', '53', '临翔区'),
	(1802, '262', '14', '潞城市'),
	(1803, '2620', '53', '凤庆县'),
	(1804, '2621', '53', '云　县'),
	(1805, '2622', '53', '永德县'),
	(1806, '2623', '53', '镇康县'),
	(1807, '2624', '53', '双江拉祜族佤族布朗族傣族自治县'),
	(1808, '2625', '53', '耿马傣族佤族自治县'),
	(1809, '2626', '53', '沧源佤族自治县'),
	(1810, '2627', '53', '楚雄市'),
	(1811, '2628', '53', '双柏县'),
	(1812, '2629', '53', '牟定县'),
	(1813, '263', '14', '市辖区'),
	(1814, '2630', '53', '南华县'),
	(1815, '2631', '53', '姚安县'),
	(1816, '2632', '53', '大姚县'),
	(1817, '2633', '53', '永仁县'),
	(1818, '2634', '53', '元谋县'),
	(1819, '2635', '53', '武定县'),
	(1820, '2636', '53', '禄丰县'),
	(1821, '2637', '53', '个旧市'),
	(1822, '2638', '53', '开远市'),
	(1823, '2639', '53', '蒙自县'),
	(1824, '264', '14', '城　区'),
	(1825, '2640', '53', '屏边苗族自治县'),
	(1826, '2641', '53', '建水县'),
	(1827, '2642', '53', '石屏县'),
	(1828, '2643', '53', '弥勒县'),
	(1829, '2644', '53', '泸西县'),
	(1830, '2645', '53', '元阳县'),
	(1831, '2646', '53', '红河县'),
	(1832, '2647', '53', '金平苗族瑶族傣族自治县'),
	(1833, '2648', '53', '绿春县'),
	(1834, '2649', '53', '河口瑶族自治县'),
	(1835, '265', '14', '沁水县'),
	(1836, '2650', '53', '文山县'),
	(1837, '2651', '53', '砚山县'),
	(1838, '2652', '53', '西畴县'),
	(1839, '2653', '53', '麻栗坡县'),
	(1840, '2654', '53', '马关县'),
	(1841, '2655', '53', '丘北县'),
	(1842, '2656', '53', '广南县'),
	(1843, '2657', '53', '富宁县'),
	(1844, '2658', '53', '景洪市'),
	(1845, '2659', '53', '勐海县'),
	(1846, '266', '14', '阳城县'),
	(1847, '2660', '53', '勐腊县'),
	(1848, '2661', '53', '大理市'),
	(1849, '2662', '53', '漾濞彝族自治县'),
	(1850, '2663', '53', '祥云县'),
	(1851, '2664', '53', '宾川县'),
	(1852, '2665', '53', '弥渡县'),
	(1853, '2666', '53', '南涧彝族自治县'),
	(1854, '2667', '53', '巍山彝族回族自治县'),
	(1855, '2668', '53', '永平县'),
	(1856, '2669', '53', '云龙县'),
	(1857, '267', '14', '陵川县'),
	(1858, '2670', '53', '洱源县'),
	(1859, '2671', '53', '剑川县'),
	(1860, '2672', '53', '鹤庆县'),
	(1861, '2673', '53', '瑞丽市'),
	(1862, '2674', '53', '潞西市'),
	(1863, '2675', '53', '梁河县'),
	(1864, '2676', '53', '盈江县'),
	(1865, '2677', '53', '陇川县'),
	(1866, '2678', '53', '泸水县'),
	(1867, '2679', '53', '福贡县'),
	(1868, '268', '14', '泽州县'),
	(1869, '2680', '53', '贡山独龙族怒族自治县'),
	(1870, '2681', '53', '兰坪白族普米族自治县'),
	(1871, '2682', '53', '香格里拉县'),
	(1872, '2683', '53', '德钦县'),
	(1873, '2684', '53', '维西傈僳族自治县'),
	(1874, '2685', '54', '市辖区'),
	(1875, '2686', '54', '城关区'),
	(1876, '2687', '54', '林周县'),
	(1877, '2688', '54', '当雄县'),
	(1878, '2689', '54', '尼木县'),
	(1879, '269', '14', '高平市'),
	(1880, '2690', '54', '曲水县'),
	(1881, '2691', '54', '堆龙德庆县'),
	(1882, '2692', '54', '达孜县'),
	(1883, '2693', '54', '墨竹工卡县'),
	(1884, '2694', '54', '昌都县'),
	(1885, '2695', '54', '江达县'),
	(1886, '2696', '54', '贡觉县'),
	(1887, '2697', '54', '类乌齐县'),
	(1888, '2698', '54', '丁青县'),
	(1889, '2699', '54', '察雅县'),
	(1890, '27', '12', '大港区'),
	(1891, '270', '14', '市辖区'),
	(1892, '2700', '54', '八宿县'),
	(1893, '2701', '54', '左贡县'),
	(1894, '2702', '54', '芒康县'),
	(1895, '2703', '54', '洛隆县'),
	(1896, '2704', '54', '边坝县'),
	(1897, '2705', '54', '乃东县'),
	(1898, '2706', '54', '扎囊县'),
	(1899, '2707', '54', '贡嘎县'),
	(1900, '2708', '54', '桑日县'),
	(1901, '2709', '54', '琼结县'),
	(1902, '271', '14', '朔城区'),
	(1903, '2710', '54', '曲松县'),
	(1904, '2711', '54', '措美县'),
	(1905, '2712', '54', '洛扎县'),
	(1906, '2713', '54', '加查县'),
	(1907, '2714', '54', '隆子县'),
	(1908, '2715', '54', '错那县'),
	(1909, '2716', '54', '浪卡子县'),
	(1910, '2717', '54', '日喀则市'),
	(1911, '2718', '54', '南木林县'),
	(1912, '2719', '54', '江孜县'),
	(1913, '272', '14', '平鲁区'),
	(1914, '2720', '54', '定日县'),
	(1915, '2721', '54', '萨迦县'),
	(1916, '2722', '54', '拉孜县'),
	(1917, '2723', '54', '昂仁县'),
	(1918, '2724', '54', '谢通门县'),
	(1919, '2725', '54', '白朗县'),
	(1920, '2726', '54', '仁布县'),
	(1921, '2727', '54', '康马县'),
	(1922, '2728', '54', '定结县'),
	(1923, '2729', '54', '仲巴县'),
	(1924, '273', '14', '山阴县'),
	(1925, '2730', '54', '亚东县'),
	(1926, '2731', '54', '吉隆县'),
	(1927, '2732', '54', '聂拉木县'),
	(1928, '2733', '54', '萨嘎县'),
	(1929, '2734', '54', '岗巴县'),
	(1930, '2735', '54', '那曲县'),
	(1931, '2736', '54', '嘉黎县'),
	(1932, '2737', '54', '比如县'),
	(1933, '2738', '54', '聂荣县'),
	(1934, '2739', '54', '安多县'),
	(1935, '274', '14', '应　县'),
	(1936, '2740', '54', '申扎县'),
	(1937, '2741', '54', '索　县'),
	(1938, '2742', '54', '班戈县'),
	(1939, '2743', '54', '巴青县'),
	(1940, '2744', '54', '尼玛县'),
	(1941, '2745', '54', '普兰县'),
	(1942, '2746', '54', '札达县'),
	(1943, '2747', '54', '噶尔县'),
	(1944, '2748', '54', '日土县'),
	(1945, '2749', '54', '革吉县'),
	(1946, '275', '14', '右玉县'),
	(1947, '2750', '54', '改则县'),
	(1948, '2751', '54', '措勤县'),
	(1949, '2752', '54', '林芝县'),
	(1950, '2753', '54', '工布江达县'),
	(1951, '2754', '54', '米林县'),
	(1952, '2755', '54', '墨脱县'),
	(1953, '2756', '54', '波密县'),
	(1954, '2757', '54', '察隅县'),
	(1955, '2758', '54', '朗　县'),
	(1956, '2759', '61', '市辖区'),
	(1957, '276', '14', '怀仁县'),
	(1958, '2760', '61', '新城区'),
	(1959, '2761', '61', '碑林区'),
	(1960, '2762', '61', '莲湖区'),
	(1961, '2763', '61', '灞桥区'),
	(1962, '2764', '61', '未央区'),
	(1963, '2765', '61', '雁塔区'),
	(1964, '2766', '61', '阎良区'),
	(1965, '2767', '61', '临潼区'),
	(1966, '2768', '61', '长安区'),
	(1967, '2769', '61', '蓝田县'),
	(1968, '277', '14', '市辖区'),
	(1969, '2770', '61', '周至县'),
	(1970, '2771', '61', '户　县'),
	(1971, '2772', '61', '高陵县'),
	(1972, '2773', '61', '市辖区'),
	(1973, '2774', '61', '王益区'),
	(1974, '2775', '61', '印台区'),
	(1975, '2776', '61', '耀州区'),
	(1976, '2777', '61', '宜君县'),
	(1977, '2778', '61', '市辖区'),
	(1978, '2779', '61', '渭滨区'),
	(1979, '278', '14', '榆次区'),
	(1980, '2780', '61', '金台区'),
	(1981, '2781', '61', '陈仓区'),
	(1982, '2782', '61', '凤翔县'),
	(1983, '2783', '61', '岐山县'),
	(1984, '2784', '61', '扶风县'),
	(1985, '2785', '61', '眉　县'),
	(1986, '2786', '61', '陇　县'),
	(1987, '2787', '61', '千阳县'),
	(1988, '2788', '61', '麟游县'),
	(1989, '2789', '61', '凤　县'),
	(1990, '279', '14', '榆社县'),
	(1991, '2790', '61', '太白县'),
	(1992, '2791', '61', '市辖区'),
	(1993, '2792', '61', '秦都区'),
	(1994, '2793', '61', '杨凌区'),
	(1995, '2794', '61', '渭城区'),
	(1996, '2795', '61', '三原县'),
	(1997, '2796', '61', '泾阳县'),
	(1998, '2797', '61', '乾　县'),
	(1999, '2798', '61', '礼泉县'),
	(2000, '2799', '61', '永寿县'),
	(2001, '28', '12', '东丽区'),
	(2002, '280', '14', '左权县'),
	(2003, '2800', '61', '彬　县'),
	(2004, '2801', '61', '长武县'),
	(2005, '2802', '61', '旬邑县'),
	(2006, '2803', '61', '淳化县'),
	(2007, '2804', '61', '武功县'),
	(2008, '2805', '61', '兴平市'),
	(2009, '2806', '61', '市辖区'),
	(2010, '2807', '61', '临渭区'),
	(2011, '2808', '61', '华　县'),
	(2012, '2809', '61', '潼关县'),
	(2013, '281', '14', '和顺县'),
	(2014, '2810', '61', '大荔县'),
	(2015, '2811', '61', '合阳县'),
	(2016, '2812', '61', '澄城县'),
	(2017, '2813', '61', '蒲城县'),
	(2018, '2814', '61', '白水县'),
	(2019, '2815', '61', '富平县'),
	(2020, '2816', '61', '韩城市'),
	(2021, '2817', '61', '华阴市'),
	(2022, '2818', '61', '市辖区'),
	(2023, '2819', '61', '宝塔区'),
	(2024, '282', '14', '昔阳县'),
	(2025, '2820', '61', '延长县'),
	(2026, '2821', '61', '延川县'),
	(2027, '2822', '61', '子长县'),
	(2028, '2823', '61', '安塞县'),
	(2029, '2824', '61', '志丹县'),
	(2030, '2825', '61', '吴旗县'),
	(2031, '2826', '61', '甘泉县'),
	(2032, '2827', '61', '富　县'),
	(2033, '2828', '61', '洛川县'),
	(2034, '2829', '61', '宜川县'),
	(2035, '283', '14', '寿阳县'),
	(2036, '2830', '61', '黄龙县'),
	(2037, '2831', '61', '黄陵县'),
	(2038, '2832', '61', '市辖区'),
	(2039, '2833', '61', '汉台区'),
	(2040, '2834', '61', '南郑县'),
	(2041, '2835', '61', '城固县'),
	(2042, '2836', '61', '洋　县'),
	(2043, '2837', '61', '西乡县'),
	(2044, '2838', '61', '勉　县'),
	(2045, '2839', '61', '宁强县'),
	(2046, '284', '14', '太谷县'),
	(2047, '2840', '61', '略阳县'),
	(2048, '2841', '61', '镇巴县'),
	(2049, '2842', '61', '留坝县'),
	(2050, '2843', '61', '佛坪县'),
	(2051, '2844', '61', '市辖区'),
	(2052, '2845', '61', '榆阳区'),
	(2053, '2846', '61', '神木县'),
	(2054, '2847', '61', '府谷县'),
	(2055, '2848', '61', '横山县'),
	(2056, '2849', '61', '靖边县'),
	(2057, '285', '14', '祁　县'),
	(2058, '2850', '61', '定边县'),
	(2059, '2851', '61', '绥德县'),
	(2060, '2852', '61', '米脂县'),
	(2061, '2853', '61', '佳　县'),
	(2062, '2854', '61', '吴堡县'),
	(2063, '2855', '61', '清涧县'),
	(2064, '2856', '61', '子洲县'),
	(2065, '2857', '61', '市辖区'),
	(2066, '2858', '61', '汉滨区'),
	(2067, '2859', '61', '汉阴县'),
	(2068, '286', '14', '平遥县'),
	(2069, '2860', '61', '石泉县'),
	(2070, '2861', '61', '宁陕县'),
	(2071, '2862', '61', '紫阳县'),
	(2072, '2863', '61', '岚皋县'),
	(2073, '2864', '61', '平利县'),
	(2074, '2865', '61', '镇坪县'),
	(2075, '2866', '61', '旬阳县'),
	(2076, '2867', '61', '白河县'),
	(2077, '2868', '61', '市辖区'),
	(2078, '2869', '61', '商州区'),
	(2079, '287', '14', '灵石县'),
	(2080, '2870', '61', '洛南县'),
	(2081, '2871', '61', '丹凤县'),
	(2082, '2872', '61', '商南县'),
	(2083, '2873', '61', '山阳县'),
	(2084, '2874', '61', '镇安县'),
	(2085, '2875', '61', '柞水县'),
	(2086, '2876', '62', '市辖区'),
	(2087, '2877', '62', '城关区'),
	(2088, '2878', '62', '七里河区'),
	(2089, '2879', '62', '西固区'),
	(2090, '288', '14', '介休市'),
	(2091, '2880', '62', '安宁区'),
	(2092, '2881', '62', '红古区'),
	(2093, '2882', '62', '永登县'),
	(2094, '2883', '62', '皋兰县'),
	(2095, '2884', '62', '榆中县'),
	(2096, '2885', '62', '市辖区'),
	(2097, '2886', '62', '市辖区'),
	(2098, '2887', '62', '金川区'),
	(2099, '2888', '62', '永昌县'),
	(2100, '2889', '62', '市辖区'),
	(2101, '289', '14', '市辖区'),
	(2102, '2890', '62', '白银区'),
	(2103, '2891', '62', '平川区'),
	(2104, '2892', '62', '靖远县'),
	(2105, '2893', '62', '会宁县'),
	(2106, '2894', '62', '景泰县'),
	(2107, '2895', '62', '市辖区'),
	(2108, '2896', '62', '秦城区'),
	(2109, '2897', '62', '北道区'),
	(2110, '2898', '62', '清水县'),
	(2111, '2899', '62', '秦安县'),
	(2112, '29', '12', '西青区'),
	(2113, '290', '14', '盐湖区'),
	(2114, '2900', '62', '甘谷县'),
	(2115, '2901', '62', '武山县'),
	(2116, '2902', '62', '张家川回族自治县'),
	(2117, '2903', '62', '市辖区'),
	(2118, '2904', '62', '凉州区'),
	(2119, '2905', '62', '民勤县'),
	(2120, '2906', '62', '古浪县'),
	(2121, '2907', '62', '天祝藏族自治县'),
	(2122, '2908', '62', '市辖区'),
	(2123, '2909', '62', '甘州区'),
	(2124, '291', '14', '临猗县'),
	(2125, '2910', '62', '肃南裕固族自治县'),
	(2126, '2911', '62', '民乐县'),
	(2127, '2912', '62', '临泽县'),
	(2128, '2913', '62', '高台县'),
	(2129, '2914', '62', '山丹县'),
	(2130, '2915', '62', '市辖区'),
	(2131, '2916', '62', '崆峒区'),
	(2132, '2917', '62', '泾川县'),
	(2133, '2918', '62', '灵台县'),
	(2134, '2919', '62', '崇信县'),
	(2135, '292', '14', '万荣县'),
	(2136, '2920', '62', '华亭县'),
	(2137, '2921', '62', '庄浪县'),
	(2138, '2922', '62', '静宁县'),
	(2139, '2923', '62', '市辖区'),
	(2140, '2924', '62', '肃州区'),
	(2141, '2925', '62', '金塔县'),
	(2142, '2926', '62', '安西县'),
	(2143, '2927', '62', '肃北蒙古族自治县'),
	(2144, '2928', '62', '阿克塞哈萨克族自治县'),
	(2145, '2929', '62', '玉门市'),
	(2146, '293', '14', '闻喜县'),
	(2147, '2930', '62', '敦煌市'),
	(2148, '2931', '62', '市辖区'),
	(2149, '2932', '62', '西峰区'),
	(2150, '2933', '62', '庆城县'),
	(2151, '2934', '62', '环　县'),
	(2152, '2935', '62', '华池县'),
	(2153, '2936', '62', '合水县'),
	(2154, '2937', '62', '正宁县'),
	(2155, '2938', '62', '宁　县'),
	(2156, '2939', '62', '镇原县'),
	(2157, '294', '14', '稷山县'),
	(2158, '2940', '62', '市辖区'),
	(2159, '2941', '62', '安定区'),
	(2160, '2942', '62', '通渭县'),
	(2161, '2943', '62', '陇西县'),
	(2162, '2944', '62', '渭源县'),
	(2163, '2945', '62', '临洮县'),
	(2164, '2946', '62', '漳　县'),
	(2165, '2947', '62', '岷　县'),
	(2166, '2948', '62', '市辖区'),
	(2167, '2949', '62', '武都区'),
	(2168, '295', '14', '新绛县'),
	(2169, '2950', '62', '成　县'),
	(2170, '2951', '62', '文　县'),
	(2171, '2952', '62', '宕昌县'),
	(2172, '2953', '62', '康　县'),
	(2173, '2954', '62', '西和县'),
	(2174, '2955', '62', '礼　县'),
	(2175, '2956', '62', '徽　县'),
	(2176, '2957', '62', '两当县'),
	(2177, '2958', '62', '临夏市'),
	(2178, '2959', '62', '临夏县'),
	(2179, '296', '14', '绛　县'),
	(2180, '2960', '62', '康乐县'),
	(2181, '2961', '62', '永靖县'),
	(2182, '2962', '62', '广河县'),
	(2183, '2963', '62', '和政县'),
	(2184, '2964', '62', '东乡族自治县'),
	(2185, '2965', '62', '积石山保安族东乡族撒拉族自治县'),
	(2186, '2966', '62', '合作市'),
	(2187, '2967', '62', '临潭县'),
	(2188, '2968', '62', '卓尼县'),
	(2189, '2969', '62', '舟曲县'),
	(2190, '297', '14', '垣曲县'),
	(2191, '2970', '62', '迭部县'),
	(2192, '2971', '62', '玛曲县'),
	(2193, '2972', '62', '碌曲县'),
	(2194, '2973', '62', '夏河县'),
	(2195, '2974', '63', '市辖区'),
	(2196, '2975', '63', '城东区'),
	(2197, '2976', '63', '城中区'),
	(2198, '2977', '63', '城西区'),
	(2199, '2978', '63', '城北区'),
	(2200, '2979', '63', '大通回族土族自治县'),
	(2201, '298', '14', '夏　县'),
	(2202, '2980', '63', '湟中县'),
	(2203, '2981', '63', '湟源县'),
	(2204, '2982', '63', '平安县'),
	(2205, '2983', '63', '民和回族土族自治县'),
	(2206, '2984', '63', '乐都县'),
	(2207, '2985', '63', '互助土族自治县'),
	(2208, '2986', '63', '化隆回族自治县'),
	(2209, '2987', '63', '循化撒拉族自治县'),
	(2210, '2988', '63', '门源回族自治县'),
	(2211, '2989', '63', '祁连县'),
	(2212, '299', '14', '平陆县'),
	(2213, '2990', '63', '海晏县'),
	(2214, '2991', '63', '刚察县'),
	(2215, '2992', '63', '同仁县'),
	(2216, '2993', '63', '尖扎县'),
	(2217, '2994', '63', '泽库县'),
	(2218, '2995', '63', '河南蒙古族自治县'),
	(2219, '2996', '63', '共和县'),
	(2220, '2997', '63', '同德县'),
	(2221, '2998', '63', '贵德县'),
	(2222, '2999', '63', '兴海县'),
	(2223, '3', '11', '崇文区'),
	(2224, '30', '12', '津南区'),
	(2225, '300', '14', '芮城县'),
	(2226, '3000', '63', '贵南县'),
	(2227, '3001', '63', '玛沁县'),
	(2228, '3002', '63', '班玛县'),
	(2229, '3003', '63', '甘德县'),
	(2230, '3004', '63', '达日县'),
	(2231, '3005', '63', '久治县'),
	(2232, '3006', '63', '玛多县'),
	(2233, '3007', '63', '玉树县'),
	(2234, '3008', '63', '杂多县'),
	(2235, '3009', '63', '称多县'),
	(2236, '301', '14', '永济市'),
	(2237, '3010', '63', '治多县'),
	(2238, '3011', '63', '囊谦县'),
	(2239, '3012', '63', '曲麻莱县'),
	(2240, '3013', '63', '格尔木市'),
	(2241, '3014', '63', '德令哈市'),
	(2242, '3015', '63', '乌兰县'),
	(2243, '3016', '63', '都兰县'),
	(2244, '3017', '63', '天峻县'),
	(2245, '3018', '64', '市辖区'),
	(2246, '3019', '64', '兴庆区'),
	(2247, '302', '14', '河津市'),
	(2248, '3020', '64', '西夏区'),
	(2249, '3021', '64', '金凤区'),
	(2250, '3022', '64', '永宁县'),
	(2251, '3023', '64', '贺兰县'),
	(2252, '3024', '64', '灵武市'),
	(2253, '3025', '64', '市辖区'),
	(2254, '3026', '64', '大武口区'),
	(2255, '3027', '64', '惠农区'),
	(2256, '3028', '64', '平罗县'),
	(2257, '3029', '64', '市辖区'),
	(2258, '303', '14', '市辖区'),
	(2259, '3030', '64', '利通区'),
	(2260, '3031', '64', '盐池县'),
	(2261, '3032', '64', '同心县'),
	(2262, '3033', '64', '青铜峡市'),
	(2263, '3034', '64', '市辖区'),
	(2264, '3035', '64', '原州区'),
	(2265, '3036', '64', '西吉县'),
	(2266, '3037', '64', '隆德县'),
	(2267, '3038', '64', '泾源县'),
	(2268, '3039', '64', '彭阳县'),
	(2269, '304', '14', '忻府区'),
	(2270, '3040', '64', '市辖区'),
	(2271, '3041', '64', '沙坡头区'),
	(2272, '3042', '64', '中宁县'),
	(2273, '3043', '64', '海原县'),
	(2274, '3044', '65', '市辖区'),
	(2275, '3045', '65', '天山区'),
	(2276, '3046', '65', '沙依巴克区'),
	(2277, '3047', '65', '新市区'),
	(2278, '3048', '65', '水磨沟区'),
	(2279, '3049', '65', '头屯河区'),
	(2280, '305', '14', '定襄县'),
	(2281, '3050', '65', '达坂城区'),
	(2282, '3051', '65', '东山区'),
	(2283, '3052', '65', '乌鲁木齐县'),
	(2284, '3053', '65', '市辖区'),
	(2285, '3054', '65', '独山子区'),
	(2286, '3055', '65', '克拉玛依区'),
	(2287, '3056', '65', '白碱滩区'),
	(2288, '3057', '65', '乌尔禾区'),
	(2289, '3058', '65', '吐鲁番市'),
	(2290, '3059', '65', '鄯善县'),
	(2291, '306', '14', '五台县'),
	(2292, '3060', '65', '托克逊县'),
	(2293, '3061', '65', '哈密市'),
	(2294, '3062', '65', '巴里坤哈萨克自治县'),
	(2295, '3063', '65', '伊吾县'),
	(2296, '3064', '65', '昌吉市'),
	(2297, '3065', '65', '阜康市'),
	(2298, '3066', '65', '米泉市'),
	(2299, '3067', '65', '呼图壁县'),
	(2300, '3068', '65', '玛纳斯县'),
	(2301, '3069', '65', '奇台县'),
	(2302, '307', '14', '代　县'),
	(2303, '3070', '65', '吉木萨尔县'),
	(2304, '3071', '65', '木垒哈萨克自治县'),
	(2305, '3072', '65', '博乐市'),
	(2306, '3073', '65', '精河县'),
	(2307, '3074', '65', '温泉县'),
	(2308, '3075', '65', '库尔勒市'),
	(2309, '3076', '65', '轮台县'),
	(2310, '3077', '65', '尉犁县'),
	(2311, '3078', '65', '若羌县'),
	(2312, '3079', '65', '且末县'),
	(2313, '308', '14', '繁峙县'),
	(2314, '3080', '65', '焉耆回族自治县'),
	(2315, '3081', '65', '和静县'),
	(2316, '3082', '65', '和硕县'),
	(2317, '3083', '65', '博湖县'),
	(2318, '3084', '65', '阿克苏市'),
	(2319, '3085', '65', '温宿县'),
	(2320, '3086', '65', '库车县'),
	(2321, '3087', '65', '沙雅县'),
	(2322, '3088', '65', '新和县'),
	(2323, '3089', '65', '拜城县'),
	(2324, '309', '14', '宁武县'),
	(2325, '3090', '65', '乌什县'),
	(2326, '3091', '65', '阿瓦提县'),
	(2327, '3092', '65', '柯坪县'),
	(2328, '3093', '65', '阿图什市'),
	(2329, '3094', '65', '阿克陶县'),
	(2330, '3095', '65', '阿合奇县'),
	(2331, '3096', '65', '乌恰县'),
	(2332, '3097', '65', '喀什市'),
	(2333, '3098', '65', '疏附县'),
	(2334, '3099', '65', '疏勒县'),
	(2335, '31', '12', '北辰区'),
	(2336, '310', '14', '静乐县'),
	(2337, '3100', '65', '英吉沙县'),
	(2338, '3101', '65', '泽普县'),
	(2339, '3102', '65', '莎车县'),
	(2340, '3103', '65', '叶城县'),
	(2341, '3104', '65', '麦盖提县'),
	(2342, '3105', '65', '岳普湖县'),
	(2343, '3106', '65', '伽师县'),
	(2344, '3107', '65', '巴楚县'),
	(2345, '3108', '65', '塔什库尔干塔吉克自治县'),
	(2346, '3109', '65', '和田市'),
	(2347, '311', '14', '神池县'),
	(2348, '3110', '65', '和田县'),
	(2349, '3111', '65', '墨玉县'),
	(2350, '3112', '65', '皮山县'),
	(2351, '3113', '65', '洛浦县'),
	(2352, '3114', '65', '策勒县'),
	(2353, '3115', '65', '于田县'),
	(2354, '3116', '65', '民丰县'),
	(2355, '3117', '65', '伊宁市'),
	(2356, '3118', '65', '奎屯市'),
	(2357, '3119', '65', '伊宁县'),
	(2358, '312', '14', '五寨县'),
	(2359, '3120', '65', '察布查尔锡伯自治县'),
	(2360, '3121', '65', '霍城县'),
	(2361, '3122', '65', '巩留县'),
	(2362, '3123', '65', '新源县'),
	(2363, '3124', '65', '昭苏县'),
	(2364, '3125', '65', '特克斯县'),
	(2365, '3126', '65', '尼勒克县'),
	(2366, '3127', '65', '塔城市'),
	(2367, '3128', '65', '乌苏市'),
	(2368, '3129', '65', '额敏县'),
	(2369, '313', '14', '岢岚县'),
	(2370, '3130', '65', '沙湾县'),
	(2371, '3131', '65', '托里县'),
	(2372, '3132', '65', '裕民县'),
	(2373, '3133', '65', '和布克赛尔蒙古自治县'),
	(2374, '3134', '65', '阿勒泰市'),
	(2375, '3135', '65', '布尔津县'),
	(2376, '3136', '65', '富蕴县'),
	(2377, '3137', '65', '福海县'),
	(2378, '3138', '65', '哈巴河县'),
	(2379, '3139', '65', '青河县'),
	(2380, '314', '14', '河曲县'),
	(2381, '3140', '65', '吉木乃县'),
	(2382, '3141', '65', '石河子市'),
	(2383, '3142', '65', '阿拉尔市'),
	(2384, '3143', '65', '图木舒克市'),
	(2385, '3144', '65', '五家渠市'),
	(2386, '315', '14', '保德县'),
	(2387, '316', '14', '偏关县'),
	(2388, '317', '14', '原平市'),
	(2389, '318', '14', '市辖区'),
	(2390, '319', '14', '尧都区'),
	(2391, '32', '12', '武清区'),
	(2392, '320', '14', '曲沃县'),
	(2393, '321', '14', '翼城县'),
	(2394, '322', '14', '襄汾县'),
	(2395, '323', '14', '洪洞县'),
	(2396, '324', '14', '古　县'),
	(2397, '325', '14', '安泽县'),
	(2398, '326', '14', '浮山县'),
	(2399, '327', '14', '吉　县'),
	(2400, '328', '14', '乡宁县'),
	(2401, '329', '14', '大宁县'),
	(2402, '33', '12', '宝坻区'),
	(2403, '330', '14', '隰　县'),
	(2404, '331', '14', '永和县'),
	(2405, '332', '14', '蒲　县'),
	(2406, '333', '14', '汾西县'),
	(2407, '334', '14', '侯马市'),
	(2408, '335', '14', '霍州市'),
	(2409, '336', '14', '市辖区'),
	(2410, '337', '14', '离石区'),
	(2411, '338', '14', '文水县'),
	(2412, '339', '14', '交城县'),
	(2413, '34', '12', '宁河县'),
	(2414, '340', '14', '兴　县'),
	(2415, '341', '14', '临　县'),
	(2416, '342', '14', '柳林县'),
	(2417, '343', '14', '石楼县'),
	(2418, '344', '14', '岚　县'),
	(2419, '345', '14', '方山县'),
	(2420, '346', '14', '中阳县'),
	(2421, '347', '14', '交口县'),
	(2422, '348', '14', '孝义市'),
	(2423, '349', '14', '汾阳市'),
	(2424, '35', '12', '静海县'),
	(2425, '350', '15', '市辖区'),
	(2426, '351', '15', '新城区'),
	(2427, '352', '15', '回民区'),
	(2428, '353', '15', '玉泉区'),
	(2429, '354', '15', '赛罕区'),
	(2430, '355', '15', '土默特左旗'),
	(2431, '356', '15', '托克托县'),
	(2432, '357', '15', '和林格尔县'),
	(2433, '358', '15', '清水河县'),
	(2434, '359', '15', '武川县'),
	(2435, '36', '12', '蓟　县'),
	(2436, '360', '15', '市辖区'),
	(2437, '361', '15', '东河区'),
	(2438, '362', '15', '昆都仑区'),
	(2439, '363', '15', '青山区'),
	(2440, '364', '15', '石拐区'),
	(2441, '365', '15', '白云矿区'),
	(2442, '366', '15', '九原区'),
	(2443, '367', '15', '土默特右旗'),
	(2444, '368', '15', '固阳县'),
	(2445, '369', '15', '达尔罕茂明安联合旗'),
	(2446, '37', '13', '市辖区'),
	(2447, '370', '15', '市辖区'),
	(2448, '371', '15', '海勃湾区'),
	(2449, '372', '15', '海南区'),
	(2450, '373', '15', '乌达区'),
	(2451, '374', '15', '市辖区'),
	(2452, '375', '15', '红山区'),
	(2453, '376', '15', '元宝山区'),
	(2454, '377', '15', '松山区'),
	(2455, '378', '15', '阿鲁科尔沁旗'),
	(2456, '379', '15', '巴林左旗'),
	(2457, '38', '13', '长安区'),
	(2458, '380', '15', '巴林右旗'),
	(2459, '381', '15', '林西县'),
	(2460, '382', '15', '克什克腾旗'),
	(2461, '383', '15', '翁牛特旗'),
	(2462, '384', '15', '喀喇沁旗'),
	(2463, '385', '15', '宁城县'),
	(2464, '386', '15', '敖汉旗'),
	(2465, '387', '15', '市辖区'),
	(2466, '388', '15', '科尔沁区'),
	(2467, '389', '15', '科尔沁左翼中旗'),
	(2468, '39', '13', '桥东区'),
	(2469, '390', '15', '科尔沁左翼后旗'),
	(2470, '391', '15', '开鲁县'),
	(2471, '392', '15', '库伦旗'),
	(2472, '393', '15', '奈曼旗'),
	(2473, '394', '15', '扎鲁特旗'),
	(2474, '395', '15', '霍林郭勒市'),
	(2475, '396', '15', '东胜区'),
	(2476, '397', '15', '达拉特旗'),
	(2477, '398', '15', '准格尔旗'),
	(2478, '399', '15', '鄂托克前旗'),
	(2479, '4', '11', '宣武区'),
	(2480, '40', '13', '桥西区'),
	(2481, '400', '15', '鄂托克旗'),
	(2482, '401', '15', '杭锦旗'),
	(2483, '402', '15', '乌审旗'),
	(2484, '403', '15', '伊金霍洛旗'),
	(2485, '404', '15', '市辖区'),
	(2486, '405', '15', '海拉尔区'),
	(2487, '406', '15', '阿荣旗'),
	(2488, '407', '15', '莫力达瓦达斡尔族自治旗'),
	(2489, '408', '15', '鄂伦春自治旗'),
	(2490, '409', '15', '鄂温克族自治旗'),
	(2491, '41', '13', '新华区'),
	(2492, '410', '15', '陈巴尔虎旗'),
	(2493, '411', '15', '新巴尔虎左旗'),
	(2494, '412', '15', '新巴尔虎右旗'),
	(2495, '413', '15', '满洲里市'),
	(2496, '414', '15', '牙克石市'),
	(2497, '415', '15', '扎兰屯市'),
	(2498, '416', '15', '额尔古纳市'),
	(2499, '417', '15', '根河市'),
	(2500, '418', '15', '市辖区'),
	(2501, '419', '15', '临河区'),
	(2502, '42', '13', '井陉矿区'),
	(2503, '420', '15', '五原县'),
	(2504, '421', '15', '磴口县'),
	(2505, '422', '15', '乌拉特前旗'),
	(2506, '423', '15', '乌拉特中旗'),
	(2507, '424', '15', '乌拉特后旗'),
	(2508, '425', '15', '杭锦后旗'),
	(2509, '426', '15', '市辖区'),
	(2510, '427', '15', '集宁区'),
	(2511, '428', '15', '卓资县'),
	(2512, '429', '15', '化德县'),
	(2513, '43', '13', '裕华区'),
	(2514, '430', '15', '商都县'),
	(2515, '431', '15', '兴和县'),
	(2516, '432', '15', '凉城县'),
	(2517, '433', '15', '察哈尔右翼前旗'),
	(2518, '434', '15', '察哈尔右翼中旗'),
	(2519, '435', '15', '察哈尔右翼后旗'),
	(2520, '436', '15', '四子王旗'),
	(2521, '437', '15', '丰镇市'),
	(2522, '438', '15', '乌兰浩特市'),
	(2523, '439', '15', '阿尔山市'),
	(2524, '44', '13', '井陉县'),
	(2525, '440', '15', '科尔沁右翼前旗'),
	(2526, '441', '15', '科尔沁右翼中旗'),
	(2527, '442', '15', '扎赉特旗'),
	(2528, '443', '15', '突泉县'),
	(2529, '444', '15', '二连浩特市'),
	(2530, '445', '15', '锡林浩特市'),
	(2531, '446', '15', '阿巴嘎旗'),
	(2532, '447', '15', '苏尼特左旗'),
	(2533, '448', '15', '苏尼特右旗'),
	(2534, '449', '15', '东乌珠穆沁旗'),
	(2535, '45', '13', '正定县'),
	(2536, '450', '15', '西乌珠穆沁旗'),
	(2537, '451', '15', '太仆寺旗'),
	(2538, '452', '15', '镶黄旗'),
	(2539, '453', '15', '正镶白旗'),
	(2540, '454', '15', '正蓝旗'),
	(2541, '455', '15', '多伦县'),
	(2542, '456', '15', '阿拉善左旗'),
	(2543, '457', '15', '阿拉善右旗'),
	(2544, '458', '15', '额济纳旗'),
	(2545, '459', '21', '市辖区'),
	(2546, '46', '13', '栾城县'),
	(2547, '460', '21', '和平区'),
	(2548, '461', '21', '沈河区'),
	(2549, '462', '21', '大东区'),
	(2550, '463', '21', '皇姑区'),
	(2551, '464', '21', '铁西区'),
	(2552, '465', '21', '苏家屯区'),
	(2553, '466', '21', '东陵区'),
	(2554, '467', '21', '新城子区'),
	(2555, '468', '21', '于洪区'),
	(2556, '469', '21', '辽中县'),
	(2557, '47', '13', '行唐县'),
	(2558, '470', '21', '康平县'),
	(2559, '471', '21', '法库县'),
	(2560, '472', '21', '新民市'),
	(2561, '473', '21', '市辖区'),
	(2562, '474', '21', '中山区'),
	(2563, '475', '21', '西岗区'),
	(2564, '476', '21', '沙河口区'),
	(2565, '477', '21', '甘井子区'),
	(2566, '478', '21', '旅顺口区'),
	(2567, '479', '21', '金州区'),
	(2568, '48', '13', '灵寿县'),
	(2569, '480', '21', '长海县'),
	(2570, '481', '21', '瓦房店市'),
	(2571, '482', '21', '普兰店市'),
	(2572, '483', '21', '庄河市'),
	(2573, '484', '21', '市辖区'),
	(2574, '485', '21', '铁东区'),
	(2575, '486', '21', '铁西区'),
	(2576, '487', '21', '立山区'),
	(2577, '488', '21', '千山区'),
	(2578, '489', '21', '台安县'),
	(2579, '49', '13', '高邑县'),
	(2580, '490', '21', '岫岩满族自治县'),
	(2581, '491', '21', '海城市'),
	(2582, '492', '21', '市辖区'),
	(2583, '493', '21', '新抚区'),
	(2584, '494', '21', '东洲区'),
	(2585, '495', '21', '望花区'),
	(2586, '496', '21', '顺城区'),
	(2587, '497', '21', '抚顺县'),
	(2588, '498', '21', '新宾满族自治县'),
	(2589, '499', '21', '清原满族自治县'),
	(2590, '5', '11', '朝阳区'),
	(2591, '50', '13', '深泽县'),
	(2592, '500', '21', '市辖区'),
	(2593, '501', '21', '平山区'),
	(2594, '502', '21', '溪湖区'),
	(2595, '503', '21', '明山区'),
	(2596, '504', '21', '南芬区'),
	(2597, '505', '21', '本溪满族自治县'),
	(2598, '506', '21', '桓仁满族自治县'),
	(2599, '507', '21', '市辖区'),
	(2600, '508', '21', '元宝区'),
	(2601, '509', '21', '振兴区'),
	(2602, '51', '13', '赞皇县'),
	(2603, '510', '21', '振安区'),
	(2604, '511', '21', '宽甸满族自治县'),
	(2605, '512', '21', '东港市'),
	(2606, '513', '21', '凤城市'),
	(2607, '514', '21', '市辖区'),
	(2608, '515', '21', '古塔区'),
	(2609, '516', '21', '凌河区'),
	(2610, '517', '21', '太和区'),
	(2611, '518', '21', '黑山县'),
	(2612, '519', '21', '义　县'),
	(2613, '52', '13', '无极县'),
	(2614, '520', '21', '凌海市'),
	(2615, '521', '21', '北宁市'),
	(2616, '522', '21', '市辖区'),
	(2617, '523', '21', '站前区'),
	(2618, '524', '21', '西市区'),
	(2619, '525', '21', '鲅鱼圈区'),
	(2620, '526', '21', '老边区'),
	(2621, '527', '21', '盖州市'),
	(2622, '528', '21', '大石桥市'),
	(2623, '529', '21', '市辖区'),
	(2624, '53', '13', '平山县'),
	(2625, '530', '21', '海州区'),
	(2626, '531', '21', '新邱区'),
	(2627, '532', '21', '太平区'),
	(2628, '533', '21', '清河门区'),
	(2629, '534', '21', '细河区'),
	(2630, '535', '21', '阜新蒙古族自治县'),
	(2631, '536', '21', '彰武县'),
	(2632, '537', '21', '市辖区'),
	(2633, '538', '21', '白塔区'),
	(2634, '539', '21', '文圣区'),
	(2635, '54', '13', '元氏县'),
	(2636, '540', '21', '宏伟区'),
	(2637, '541', '21', '弓长岭区'),
	(2638, '542', '21', '太子河区'),
	(2639, '543', '21', '辽阳县'),
	(2640, '544', '21', '灯塔市'),
	(2641, '545', '21', '市辖区'),
	(2642, '546', '21', '双台子区'),
	(2643, '547', '21', '兴隆台区'),
	(2644, '548', '21', '大洼县'),
	(2645, '549', '21', '盘山县'),
	(2646, '55', '13', '赵　县'),
	(2647, '550', '21', '市辖区'),
	(2648, '551', '21', '银州区'),
	(2649, '552', '21', '清河区'),
	(2650, '553', '21', '铁岭县'),
	(2651, '554', '21', '西丰县'),
	(2652, '555', '21', '昌图县'),
	(2653, '556', '21', '调兵山市'),
	(2654, '557', '21', '开原市'),
	(2655, '558', '21', '市辖区'),
	(2656, '559', '21', '双塔区'),
	(2657, '56', '13', '辛集市'),
	(2658, '560', '21', '龙城区'),
	(2659, '561', '21', '朝阳县'),
	(2660, '562', '21', '建平县'),
	(2661, '563', '21', '喀喇沁左翼蒙古族自治县'),
	(2662, '564', '21', '北票市'),
	(2663, '565', '21', '凌源市'),
	(2664, '566', '21', '市辖区'),
	(2665, '567', '21', '连山区'),
	(2666, '568', '21', '龙港区'),
	(2667, '569', '21', '南票区'),
	(2668, '57', '13', '藁城市'),
	(2669, '570', '21', '绥中县'),
	(2670, '571', '21', '建昌县'),
	(2671, '572', '21', '兴城市'),
	(2672, '573', '22', '市辖区'),
	(2673, '574', '22', '南关区'),
	(2674, '575', '22', '宽城区'),
	(2675, '576', '22', '朝阳区'),
	(2676, '577', '22', '二道区'),
	(2677, '578', '22', '绿园区'),
	(2678, '579', '22', '双阳区'),
	(2679, '58', '13', '晋州市'),
	(2680, '580', '22', '农安县'),
	(2681, '581', '22', '九台市'),
	(2682, '582', '22', '榆树市'),
	(2683, '583', '22', '德惠市'),
	(2684, '584', '22', '市辖区'),
	(2685, '585', '22', '昌邑区'),
	(2686, '586', '22', '龙潭区'),
	(2687, '587', '22', '船营区'),
	(2688, '588', '22', '丰满区'),
	(2689, '589', '22', '永吉县'),
	(2690, '59', '13', '新乐市'),
	(2691, '590', '22', '蛟河市'),
	(2692, '591', '22', '桦甸市'),
	(2693, '592', '22', '舒兰市'),
	(2694, '593', '22', '磐石市'),
	(2695, '594', '22', '市辖区'),
	(2696, '595', '22', '铁西区'),
	(2697, '596', '22', '铁东区'),
	(2698, '597', '22', '梨树县'),
	(2699, '598', '22', '伊通满族自治县'),
	(2700, '599', '22', '公主岭市'),
	(2701, '6', '11', '丰台区'),
	(2702, '60', '13', '鹿泉市'),
	(2703, '600', '22', '双辽市'),
	(2704, '601', '22', '市辖区'),
	(2705, '602', '22', '龙山区'),
	(2706, '603', '22', '西安区'),
	(2707, '604', '22', '东丰县'),
	(2708, '605', '22', '东辽县'),
	(2709, '606', '22', '市辖区'),
	(2710, '607', '22', '东昌区'),
	(2711, '608', '22', '二道江区'),
	(2712, '609', '22', '通化县'),
	(2713, '61', '13', '市辖区'),
	(2714, '610', '22', '辉南县'),
	(2715, '611', '22', '柳河县'),
	(2716, '612', '22', '梅河口市'),
	(2717, '613', '22', '集安市'),
	(2718, '614', '22', '市辖区'),
	(2719, '615', '22', '八道江区'),
	(2720, '616', '22', '抚松县'),
	(2721, '617', '22', '靖宇县'),
	(2722, '618', '22', '长白朝鲜族自治县'),
	(2723, '619', '22', '江源县'),
	(2724, '62', '13', '路南区'),
	(2725, '620', '22', '临江市'),
	(2726, '621', '22', '市辖区'),
	(2727, '622', '22', '宁江区'),
	(2728, '623', '22', '前郭尔罗斯蒙古族自治县'),
	(2729, '624', '22', '长岭县'),
	(2730, '625', '22', '乾安县'),
	(2731, '626', '22', '扶余县'),
	(2732, '627', '22', '市辖区'),
	(2733, '628', '22', '洮北区'),
	(2734, '629', '22', '镇赉县'),
	(2735, '63', '13', '路北区'),
	(2736, '630', '22', '通榆县'),
	(2737, '631', '22', '洮南市'),
	(2738, '632', '22', '大安市'),
	(2739, '633', '22', '延吉市'),
	(2740, '634', '22', '图们市'),
	(2741, '635', '22', '敦化市'),
	(2742, '636', '22', '珲春市'),
	(2743, '637', '22', '龙井市'),
	(2744, '638', '22', '和龙市'),
	(2745, '639', '22', '汪清县'),
	(2746, '64', '13', '古冶区'),
	(2747, '640', '22', '安图县'),
	(2748, '641', '23', '市辖区'),
	(2749, '642', '23', '道里区'),
	(2750, '643', '23', '南岗区'),
	(2751, '644', '23', '道外区'),
	(2752, '645', '23', '香坊区'),
	(2753, '646', '23', '动力区'),
	(2754, '647', '23', '平房区'),
	(2755, '648', '23', '松北区'),
	(2756, '649', '23', '呼兰区'),
	(2757, '65', '13', '开平区'),
	(2758, '650', '23', '依兰县'),
	(2759, '651', '23', '方正县'),
	(2760, '652', '23', '宾　县'),
	(2761, '653', '23', '巴彦县'),
	(2762, '654', '23', '木兰县'),
	(2763, '655', '23', '通河县'),
	(2764, '656', '23', '延寿县'),
	(2765, '657', '23', '阿城市'),
	(2766, '658', '23', '双城市'),
	(2767, '659', '23', '尚志市'),
	(2768, '66', '13', '丰南区'),
	(2769, '660', '23', '五常市'),
	(2770, '661', '23', '市辖区'),
	(2771, '662', '23', '龙沙区'),
	(2772, '663', '23', '建华区'),
	(2773, '664', '23', '铁锋区'),
	(2774, '665', '23', '昂昂溪区'),
	(2775, '666', '23', '富拉尔基区'),
	(2776, '667', '23', '碾子山区'),
	(2777, '668', '23', '梅里斯达斡尔族区'),
	(2778, '669', '23', '龙江县'),
	(2779, '67', '13', '丰润区'),
	(2780, '670', '23', '依安县'),
	(2781, '671', '23', '泰来县'),
	(2782, '672', '23', '甘南县'),
	(2783, '673', '23', '富裕县'),
	(2784, '674', '23', '克山县'),
	(2785, '675', '23', '克东县'),
	(2786, '676', '23', '拜泉县'),
	(2787, '677', '23', '讷河市'),
	(2788, '678', '23', '市辖区'),
	(2789, '679', '23', '鸡冠区'),
	(2790, '68', '13', '滦　县'),
	(2791, '680', '23', '恒山区'),
	(2792, '681', '23', '滴道区'),
	(2793, '682', '23', '梨树区'),
	(2794, '683', '23', '城子河区'),
	(2795, '684', '23', '麻山区'),
	(2796, '685', '23', '鸡东县'),
	(2797, '686', '23', '虎林市'),
	(2798, '687', '23', '密山市'),
	(2799, '688', '23', '市辖区'),
	(2800, '689', '23', '向阳区'),
	(2801, '69', '13', '滦南县'),
	(2802, '690', '23', '工农区'),
	(2803, '691', '23', '南山区'),
	(2804, '692', '23', '兴安区'),
	(2805, '693', '23', '东山区'),
	(2806, '694', '23', '兴山区'),
	(2807, '695', '23', '萝北县'),
	(2808, '696', '23', '绥滨县'),
	(2809, '697', '23', '市辖区'),
	(2810, '698', '23', '尖山区'),
	(2811, '699', '23', '岭东区'),
	(2812, '7', '11', '石景山区'),
	(2813, '70', '13', '乐亭县'),
	(2814, '700', '23', '四方台区'),
	(2815, '701', '23', '宝山区'),
	(2816, '702', '23', '集贤县'),
	(2817, '703', '23', '友谊县'),
	(2818, '704', '23', '宝清县'),
	(2819, '705', '23', '饶河县'),
	(2820, '706', '23', '市辖区'),
	(2821, '707', '23', '萨尔图区'),
	(2822, '708', '23', '龙凤区'),
	(2823, '709', '23', '让胡路区'),
	(2824, '71', '13', '迁西县'),
	(2825, '710', '23', '红岗区'),
	(2826, '711', '23', '大同区'),
	(2827, '712', '23', '肇州县'),
	(2828, '713', '23', '肇源县'),
	(2829, '714', '23', '林甸县'),
	(2830, '715', '23', '杜尔伯特蒙古族自治县'),
	(2831, '716', '23', '市辖区'),
	(2832, '717', '23', '伊春区'),
	(2833, '718', '23', '南岔区'),
	(2834, '719', '23', '友好区'),
	(2835, '72', '13', '玉田县'),
	(2836, '720', '23', '西林区'),
	(2837, '721', '23', '翠峦区'),
	(2838, '722', '23', '新青区'),
	(2839, '723', '23', '美溪区'),
	(2840, '724', '23', '金山屯区'),
	(2841, '725', '23', '五营区'),
	(2842, '726', '23', '乌马河区'),
	(2843, '727', '23', '汤旺河区'),
	(2844, '728', '23', '带岭区'),
	(2845, '729', '23', '乌伊岭区'),
	(2846, '73', '13', '唐海县'),
	(2847, '730', '23', '红星区'),
	(2848, '731', '23', '上甘岭区'),
	(2849, '732', '23', '嘉荫县'),
	(2850, '733', '23', '铁力市'),
	(2851, '734', '23', '市辖区'),
	(2852, '735', '23', '永红区'),
	(2853, '736', '23', '向阳区'),
	(2854, '737', '23', '前进区'),
	(2855, '738', '23', '东风区'),
	(2856, '739', '23', '郊　区'),
	(2857, '74', '13', '遵化市'),
	(2858, '740', '23', '桦南县'),
	(2859, '741', '23', '桦川县'),
	(2860, '742', '23', '汤原县'),
	(2861, '743', '23', '抚远县'),
	(2862, '744', '23', '同江市'),
	(2863, '745', '23', '富锦市'),
	(2864, '746', '23', '市辖区'),
	(2865, '747', '23', '新兴区'),
	(2866, '748', '23', '桃山区'),
	(2867, '749', '23', '茄子河区'),
	(2868, '75', '13', '迁安市'),
	(2869, '750', '23', '勃利县'),
	(2870, '751', '23', '市辖区'),
	(2871, '752', '23', '东安区'),
	(2872, '753', '23', '阳明区'),
	(2873, '754', '23', '爱民区'),
	(2874, '755', '23', '西安区'),
	(2875, '756', '23', '东宁县'),
	(2876, '757', '23', '林口县'),
	(2877, '758', '23', '绥芬河市'),
	(2878, '759', '23', '海林市'),
	(2879, '76', '13', '市辖区'),
	(2880, '760', '23', '宁安市'),
	(2881, '761', '23', '穆棱市'),
	(2882, '762', '23', '市辖区'),
	(2883, '763', '23', '爱辉区'),
	(2884, '764', '23', '嫩江县'),
	(2885, '765', '23', '逊克县'),
	(2886, '766', '23', '孙吴县'),
	(2887, '767', '23', '北安市'),
	(2888, '768', '23', '五大连池市'),
	(2889, '769', '23', '市辖区'),
	(2890, '77', '13', '海港区'),
	(2891, '770', '23', '北林区'),
	(2892, '771', '23', '望奎县'),
	(2893, '772', '23', '兰西县'),
	(2894, '773', '23', '青冈县'),
	(2895, '774', '23', '庆安县'),
	(2896, '775', '23', '明水县'),
	(2897, '776', '23', '绥棱县'),
	(2898, '777', '23', '安达市'),
	(2899, '778', '23', '肇东市'),
	(2900, '779', '23', '海伦市'),
	(2901, '78', '13', '山海关区'),
	(2902, '780', '23', '呼玛县'),
	(2903, '781', '23', '塔河县'),
	(2904, '782', '23', '漠河县'),
	(2905, '783', '31', '黄浦区'),
	(2906, '784', '31', '卢湾区'),
	(2907, '785', '31', '徐汇区'),
	(2908, '786', '31', '长宁区'),
	(2909, '787', '31', '静安区'),
	(2910, '788', '31', '普陀区'),
	(2911, '789', '31', '闸北区'),
	(2912, '79', '13', '北戴河区'),
	(2913, '790', '31', '虹口区'),
	(2914, '791', '31', '杨浦区'),
	(2915, '792', '31', '闵行区'),
	(2916, '793', '31', '宝山区'),
	(2917, '794', '31', '嘉定区'),
	(2918, '795', '31', '浦东新区'),
	(2919, '796', '31', '金山区'),
	(2920, '797', '31', '松江区'),
	(2921, '798', '31', '青浦区'),
	(2922, '799', '31', '南汇区'),
	(2923, '8', '11', '海淀区'),
	(2924, '80', '13', '青龙满族自治县'),
	(2925, '800', '31', '奉贤区'),
	(2926, '801', '31', '崇明县'),
	(2927, '802', '32', '市辖区'),
	(2928, '803', '32', '玄武区'),
	(2929, '804', '32', '白下区'),
	(2930, '805', '32', '秦淮区'),
	(2931, '806', '32', '建邺区'),
	(2932, '807', '32', '鼓楼区'),
	(2933, '808', '32', '下关区'),
	(2934, '809', '32', '浦口区'),
	(2935, '81', '13', '昌黎县'),
	(2936, '810', '32', '栖霞区'),
	(2937, '811', '32', '雨花台区'),
	(2938, '812', '32', '江宁区'),
	(2939, '813', '32', '六合区'),
	(2940, '814', '32', '溧水县'),
	(2941, '815', '32', '高淳县'),
	(2942, '816', '32', '市辖区'),
	(2943, '817', '32', '崇安区'),
	(2944, '818', '32', '南长区'),
	(2945, '819', '32', '北塘区'),
	(2946, '82', '13', '抚宁县'),
	(2947, '820', '32', '锡山区'),
	(2948, '821', '32', '惠山区'),
	(2949, '822', '32', '滨湖区'),
	(2950, '823', '32', '江阴市'),
	(2951, '824', '32', '宜兴市'),
	(2952, '825', '32', '市辖区'),
	(2953, '826', '32', '鼓楼区'),
	(2954, '827', '32', '云龙区'),
	(2955, '828', '32', '九里区'),
	(2956, '829', '32', '贾汪区'),
	(2957, '83', '13', '卢龙县'),
	(2958, '830', '32', '泉山区'),
	(2959, '831', '32', '丰　县'),
	(2960, '832', '32', '沛　县'),
	(2961, '833', '32', '铜山县'),
	(2962, '834', '32', '睢宁县'),
	(2963, '835', '32', '新沂市'),
	(2964, '836', '32', '邳州市'),
	(2965, '837', '32', '市辖区'),
	(2966, '838', '32', '天宁区'),
	(2967, '839', '32', '钟楼区'),
	(2968, '84', '13', '市辖区'),
	(2969, '840', '32', '戚墅堰区'),
	(2970, '841', '32', '新北区'),
	(2971, '842', '32', '武进区'),
	(2972, '843', '32', '溧阳市'),
	(2973, '844', '32', '金坛市'),
	(2974, '845', '32', '市辖区'),
	(2975, '846', '32', '沧浪区'),
	(2976, '847', '32', '平江区'),
	(2977, '848', '32', '金阊区'),
	(2978, '849', '32', '虎丘区'),
	(2979, '85', '13', '邯山区'),
	(2980, '850', '32', '吴中区'),
	(2981, '851', '32', '相城区'),
	(2982, '852', '32', '常熟市'),
	(2983, '853', '32', '张家港市'),
	(2984, '854', '32', '昆山市'),
	(2985, '855', '32', '吴江市'),
	(2986, '856', '32', '太仓市'),
	(2987, '857', '32', '市辖区'),
	(2988, '858', '32', '崇川区'),
	(2989, '859', '32', '港闸区'),
	(2990, '86', '13', '丛台区'),
	(2991, '860', '32', '海安县'),
	(2992, '861', '32', '如东县'),
	(2993, '862', '32', '启东市'),
	(2994, '863', '32', '如皋市'),
	(2995, '864', '32', '通州市'),
	(2996, '865', '32', '海门市'),
	(2997, '866', '32', '市辖区'),
	(2998, '867', '32', '连云区'),
	(2999, '868', '32', '新浦区'),
	(3000, '869', '32', '海州区'),
	(3001, '87', '13', '复兴区'),
	(3002, '870', '32', '赣榆县'),
	(3003, '871', '32', '东海县'),
	(3004, '872', '32', '灌云县'),
	(3005, '873', '32', '灌南县'),
	(3006, '874', '32', '市辖区'),
	(3007, '875', '32', '清河区'),
	(3008, '876', '32', '楚州区'),
	(3009, '877', '32', '淮阴区'),
	(3010, '878', '32', '清浦区'),
	(3011, '879', '32', '涟水县'),
	(3012, '88', '13', '峰峰矿区'),
	(3013, '880', '32', '洪泽县'),
	(3014, '881', '32', '盱眙县'),
	(3015, '882', '32', '金湖县'),
	(3016, '883', '32', '市辖区'),
	(3017, '884', '32', '亭湖区'),
	(3018, '885', '32', '盐都区'),
	(3019, '886', '32', '响水县'),
	(3020, '887', '32', '滨海县'),
	(3021, '888', '32', '阜宁县'),
	(3022, '889', '32', '射阳县'),
	(3023, '89', '13', '邯郸县'),
	(3024, '890', '32', '建湖县'),
	(3025, '891', '32', '东台市'),
	(3026, '892', '32', '大丰市'),
	(3027, '893', '32', '市辖区'),
	(3028, '894', '32', '广陵区'),
	(3029, '895', '32', '邗江区'),
	(3030, '896', '32', '郊　区'),
	(3031, '897', '32', '宝应县'),
	(3032, '898', '32', '仪征市'),
	(3033, '899', '32', '高邮市'),
	(3034, '9', '11', '门头沟区'),
	(3035, '90', '13', '临漳县'),
	(3036, '900', '32', '江都市'),
	(3037, '901', '32', '市辖区'),
	(3038, '902', '32', '京口区'),
	(3039, '903', '32', '润州区'),
	(3040, '904', '32', '丹徒区'),
	(3041, '905', '32', '丹阳市'),
	(3042, '906', '32', '扬中市'),
	(3043, '907', '32', '句容市'),
	(3044, '908', '32', '市辖区'),
	(3045, '909', '32', '海陵区'),
	(3046, '91', '13', '成安县'),
	(3047, '910', '32', '高港区'),
	(3048, '911', '32', '兴化市'),
	(3049, '912', '32', '靖江市'),
	(3050, '913', '32', '泰兴市'),
	(3051, '914', '32', '姜堰市'),
	(3052, '915', '32', '市辖区'),
	(3053, '916', '32', '宿城区'),
	(3054, '917', '32', '宿豫区'),
	(3055, '918', '32', '沭阳县'),
	(3056, '919', '32', '泗阳县'),
	(3057, '92', '13', '大名县'),
	(3058, '920', '32', '泗洪县'),
	(3059, '921', '33', '市辖区'),
	(3060, '922', '33', '上城区'),
	(3061, '923', '33', '下城区'),
	(3062, '924', '33', '江干区'),
	(3063, '925', '33', '拱墅区'),
	(3064, '926', '33', '西湖区'),
	(3065, '927', '33', '滨江区'),
	(3066, '928', '33', '萧山区'),
	(3067, '929', '33', '余杭区'),
	(3068, '93', '13', '涉　县'),
	(3069, '930', '33', '桐庐县'),
	(3070, '931', '33', '淳安县'),
	(3071, '932', '33', '建德市'),
	(3072, '933', '33', '富阳市'),
	(3073, '934', '33', '临安市'),
	(3074, '935', '33', '市辖区'),
	(3075, '936', '33', '海曙区'),
	(3076, '937', '33', '江东区'),
	(3077, '938', '33', '江北区'),
	(3078, '939', '33', '北仑区'),
	(3079, '94', '13', '磁　县'),
	(3080, '940', '33', '镇海区'),
	(3081, '941', '33', '鄞州区'),
	(3082, '942', '33', '象山县'),
	(3083, '943', '33', '宁海县'),
	(3084, '944', '33', '余姚市'),
	(3085, '945', '33', '慈溪市'),
	(3086, '946', '33', '奉化市'),
	(3087, '947', '33', '市辖区'),
	(3088, '948', '33', '鹿城区'),
	(3089, '949', '33', '龙湾区'),
	(3090, '95', '13', '肥乡县'),
	(3091, '950', '33', '瓯海区'),
	(3092, '951', '33', '洞头县'),
	(3093, '952', '33', '永嘉县'),
	(3094, '953', '33', '平阳县'),
	(3095, '954', '33', '苍南县'),
	(3096, '955', '33', '文成县'),
	(3097, '956', '33', '泰顺县'),
	(3098, '957', '33', '瑞安市'),
	(3099, '958', '33', '乐清市'),
	(3100, '959', '33', '市辖区'),
	(3101, '96', '13', '永年县'),
	(3102, '960', '33', '秀城区'),
	(3103, '961', '33', '秀洲区'),
	(3104, '962', '33', '嘉善县'),
	(3105, '963', '33', '海盐县'),
	(3106, '964', '33', '海宁市'),
	(3107, '965', '33', '平湖市'),
	(3108, '966', '33', '桐乡市'),
	(3109, '967', '33', '市辖区'),
	(3110, '968', '33', '吴兴区'),
	(3111, '969', '33', '南浔区'),
	(3112, '97', '13', '邱　县'),
	(3113, '970', '33', '德清县'),
	(3114, '971', '33', '长兴县'),
	(3115, '972', '33', '安吉县'),
	(3116, '973', '33', '市辖区'),
	(3117, '974', '33', '越城区'),
	(3118, '975', '33', '绍兴县'),
	(3119, '976', '33', '新昌县'),
	(3120, '977', '33', '诸暨市'),
	(3121, '978', '33', '上虞市'),
	(3122, '979', '33', '嵊州市'),
	(3123, '98', '13', '鸡泽县'),
	(3124, '980', '33', '市辖区'),
	(3125, '981', '33', '婺城区'),
	(3126, '982', '33', '金东区'),
	(3127, '983', '33', '武义县'),
	(3128, '984', '33', '浦江县'),
	(3129, '985', '33', '磐安县'),
	(3130, '986', '33', '兰溪市'),
	(3131, '987', '33', '义乌市'),
	(3132, '988', '33', '东阳市'),
	(3133, '989', '33', '永康市'),
	(3134, '99', '13', '广平县'),
	(3135, '990', '33', '市辖区'),
	(3136, '991', '33', '柯城区'),
	(3137, '992', '33', '衢江区'),
	(3138, '993', '33', '常山县'),
	(3139, '994', '33', '开化县'),
	(3140, '995', '33', '龙游县'),
	(3141, '996', '33', '江山市'),
	(3142, '997', '33', '市辖区'),
	(3143, '998', '33', '定海区'),
	(3144, '999', '33', '普陀区');
/*!40000 ALTER TABLE `t_city` ENABLE KEYS */;


-- 导出  表 tk_smart_base.t_dual 结构
DROP TABLE IF EXISTS `t_dual`;
CREATE TABLE IF NOT EXISTS `t_dual` (
  `id` int(11) DEFAULT NULL
) ENGINE=InnoDB DEFAULT CHARSET=utf8 COLLATE=utf8_unicode_ci;

-- 正在导出表  tk_smart_base.t_dual 的数据：~0 rows (大约)
DELETE FROM `t_dual`;
/*!40000 ALTER TABLE `t_dual` DISABLE KEYS */;
/*!40000 ALTER TABLE `t_dual` ENABLE KEYS */;


-- 导出  表 tk_smart_base.t_province 结构
DROP TABLE IF EXISTS `t_province`;
CREATE TABLE IF NOT EXISTS `t_province` (
  `id` bigint(20) NOT NULL AUTO_INCREMENT,
  `p_id` varchar(2) NOT NULL,
  `p_name` varchar(50) NOT NULL,
  PRIMARY KEY (`id`),
  UNIQUE KEY `p_id` (`p_id`)
) ENGINE=InnoDB AUTO_INCREMENT=35 DEFAULT CHARSET=utf8;

-- 正在导出表  tk_smart_base.t_province 的数据：~34 rows (大约)
DELETE FROM `t_province`;
/*!40000 ALTER TABLE `t_province` DISABLE KEYS */;
INSERT INTO `t_province` (`id`, `p_id`, `p_name`) VALUES
	(1, '11', '北京市'),
	(2, '12', '天津市'),
	(3, '13', '河北省'),
	(4, '14', '山西省'),
	(5, '15', '内蒙古自治区'),
	(6, '21', '辽宁省'),
	(7, '22', '吉林省'),
	(8, '23', '黑龙江省'),
	(9, '31', '上海市'),
	(10, '32', '江苏省'),
	(11, '33', '浙江省'),
	(12, '34', '安徽省'),
	(13, '35', '福建省'),
	(14, '36', '江西省'),
	(15, '37', '山东省'),
	(16, '41', '河南省'),
	(17, '42', '湖北省'),
	(18, '43', '湖南省'),
	(19, '44', '广东省'),
	(20, '45', '广西壮族自治区'),
	(21, '46', '海南省'),
	(22, '50', '重庆市'),
	(23, '51', '四川省'),
	(24, '52', '贵州省'),
	(25, '53', '云南省'),
	(26, '54', '西藏自治区'),
	(27, '61', '陕西省'),
	(28, '62', '甘肃省'),
	(29, '63', '青海省'),
	(30, '64', '宁夏回族自治区'),
	(31, '65', '新疆维吾尔自治区'),
	(32, '71', '台湾省'),
	(33, '81', '香港特别行政区'),
	(34, '82', '澳门特别行政区');
/*!40000 ALTER TABLE `t_province` ENABLE KEYS */;


-- 导出  表 tk_smart_base.t_tenant 结构
DROP TABLE IF EXISTS `t_tenant`;
CREATE TABLE IF NOT EXISTS `t_tenant` (
  `id` bigint(20) NOT NULL AUTO_INCREMENT,
  `tenant_code` varchar(32) NOT NULL COMMENT '租户编号',
  `tenant_name` varchar(256) NOT NULL COMMENT '租户名称',
  `contact` varchar(256) NOT NULL COMMENT '联系人',
  `phone` varchar(32) NOT NULL COMMENT '手机号码',
  `telephone` varchar(32) NOT NULL COMMENT '电话号码',
  `address` varchar(256) NOT NULL COMMENT '地址',
  `email` varchar(256) NOT NULL COMMENT '邮箱',
  `dt` timestamp NOT NULL DEFAULT CURRENT_TIMESTAMP COMMENT '注册日期',
  `valid_dt` varchar(1024) DEFAULT NULL COMMENT '失效日期',
  `db_host` varchar(32) NOT NULL COMMENT '数据库服务器地址',
  `db_name` varchar(32) NOT NULL COMMENT '数据库名称',
  `db_user` varchar(32) NOT NULL COMMENT '用户名',
  `db_pwd` varchar(32) NOT NULL COMMENT '密码',
  `db_charset` varchar(32) NOT NULL COMMENT '字符集',
  `reserved_field` text COMMENT '保留字段，存为dict格式，方便扩展',
  PRIMARY KEY (`id`),
  UNIQUE KEY `tenant_code` (`tenant_code`)
) ENGINE=InnoDB AUTO_INCREMENT=6 DEFAULT CHARSET=utf8 COMMENT='租户表信息';

-- 正在导出表  tk_smart_base.t_tenant 的数据：~1 rows (大约)
DELETE FROM `t_tenant`;
/*!40000 ALTER TABLE `t_tenant` DISABLE KEYS */;
INSERT INTO `t_tenant` (`id`, `tenant_code`, `tenant_name`, `contact`, `phone`, `telephone`, `address`, `email`, `dt`, `valid_dt`, `db_host`, `db_name`, `db_user`, `db_pwd`, `db_charset`, `reserved_field`) VALUES
	(5, 'tk_huawei', '南京华为', '马飞', '13951623007', '025-8336666', '软件大道101号', 'huawei@huawei.com', '2022-03-21 09:44:17', NULL, '127.0.0.1', 'tk_huawei', 'root', '123', 'utf8', '{}');
/*!40000 ALTER TABLE `t_tenant` ENABLE KEYS */;
/*!40101 SET SQL_MODE=IFNULL(@OLD_SQL_MODE, '') */;
/*!40014 SET FOREIGN_KEY_CHECKS=IF(@OLD_FOREIGN_KEY_CHECKS IS NULL, 1, @OLD_FOREIGN_KEY_CHECKS) */;
/*!40101 SET CHARACTER_SET_CLIENT=@OLD_CHARACTER_SET_CLIENT */;
